Sample,Pathlength,Temperature,Absorbance
1,0.1,11.3,1.4822
1,0.1,11.5,1.4822
1,0.1,12.0,1.4845
1,0.1,12.4,1.4845
1,0.1,12.8,1.4857
1,0.1,13.2,1.4857
1,0.1,13.7,1.4881
1,0.1,14.1,1.4893
1,0.1,14.6,1.4905
1,0.1,15.0,1.4905
1,0.1,15.4,1.4929
1,0.1,15.9,1.4941
1,0.1,16.4,1.4953
1,0.1,16.8,1.4965
1,0.1,16.9,1.4977
1,0.1,17.5,1.499
1,0.1,18.0,1.5002
1,0.1,18.5,1.5014
1,0.1,19.0,1.5026
1,0.1,19.4,1.5026
1,0.1,19.9,1.5051
1,0.1,20.4,1.5064
1,0.1,20.9,1.5076
1,0.1,21.4,1.5088
1,0.1,21.9,1.5088
1,0.1,22.4,1.5114
1,0.1,22.9,1.5114
1,0.1,23.4,1.5126
1,0.1,23.9,1.5139
1,0.1,24.4,1.5152
1,0.1,24.9,1.5164
1,0.1,25.3,1.5164
1,0.1,25.8,1.5177
1,0.1,26.3,1.519
1,0.1,26.8,1.519
1,0.1,27.2,1.5203
1,0.1,27.7,1.5215
1,0.1,28.2,1.5241
1,0.1,28.7,1.5241
1,0.1,29.2,1.5254
1,0.1,29.7,1.528
1,0.1,30.2,1.5294
1,0.1,30.7,1.5294
1,0.1,31.2,1.532
1,0.1,31.7,1.5346
1,0.1,32.2,1.5373
1,0.1,32.6,1.536
1,0.1,33.2,1.5386
1,0.1,33.6,1.54
1,0.1,34.2,1.5413
1,0.1,34.6,1.5427
1,0.1,35.2,1.544
1,0.1,35.6,1.5468
1,0.1,36.1,1.5481
1,0.1,36.6,1.5509
1,0.1,37.1,1.5536
1,0.1,37.5,1.555
1,0.1,38.0,1.5592
1,0.1,38.5,1.562
1,0.1,39.0,1.5649
1,0.1,39.5,1.5677
1,0.1,40.0,1.5721
1,0.1,40.5,1.575
1,0.1,41.0,1.5794
1,0.1,41.5,1.5838
1,0.1,42.0,1.5883
1,0.1,42.4,1.5928
1,0.1,42.9,1.5974
1,0.1,43.5,1.6036
1,0.1,44.0,1.6083
1,0.1,44.5,1.6146
1,0.1,44.9,1.6194
1,0.1,45.5,1.6259
1,0.1,45.9,1.6342
1,0.1,46.5,1.6392
1,0.1,46.9,1.6478
1,0.1,47.5,1.653
1,0.1,47.9,1.6636
1,0.1,48.4,1.669
1,0.1,49.0,1.68
1,0.1,49.5,1.6875
1,0.1,49.9,1.697
1,0.1,50.5,1.7107
1,0.1,50.9,1.7208
1,0.1,51.5,1.7332
1,0.1,51.9,1.746
1,0.1,52.4,1.7547
1,0.1,52.9,1.7681
1,0.1,53.4,1.782
1,0.1,53.9,1.7939
1,0.1,54.4,1.8037
1,0.1,54.9,1.8137
1,0.1,55.4,1.8239
1,0.1,55.9,1.8397
1,0.1,56.4,1.8478
1,0.1,56.9,1.8588
1,0.1,57.4,1.8731
1,0.1,57.9,1.876
1,0.1,58.4,1.8878
1,0.1,58.9,1.8938
1,0.1,59.4,1.9
1,0.1,59.8,1.9062
1,0.1,60.4,1.9125
1,0.1,60.9,1.9221
1,0.1,61.4,1.9253
1,0.1,61.9,1.9319
1,0.1,62.4,1.9319
1,0.1,62.8,1.9386
1,0.1,63.4,1.942
1,0.1,63.8,1.9488
1,0.1,64.3,1.9488
1,0.1,64.9,1.9593
1,0.1,65.3,1.9593
1,0.1,65.9,1.9628
1,0.1,66.3,1.9628
1,0.1,66.8,1.9664
1,0.1,67.4,1.97
1,0.1,67.8,1.9736
1,0.1,68.3,1.9773
1,0.1,68.8,1.981
1,0.1,69.2,1.9847
1,0.1,69.9,1.9847
1,0.1,70.3,1.9885
1,0.1,70.8,1.9923
1,0.1,71.3,1.9961
1,0.1,71.9,2.0
1,0.1,72.3,2.0039
1,0.1,72.8,2.0078
1,0.1,73.2,2.0078
1,0.1,73.7,2.0078
1,0.1,74.3,2.0158
1,0.1,74.8,2.0158
1,0.1,75.2,2.0158
1,0.1,75.7,2.0239
1,0.1,76.3,2.0198
1,0.1,76.8,2.0239
1,0.1,77.2,2.028
1,0.1,77.7,2.0321
1,0.1,78.2,2.0363
1,0.1,78.7,2.0363
1,0.1,79.2,2.0363
1,0.1,79.7,2.0406
1,0.1,80.2,2.0449
1,0.1,80.7,2.0449
1,0.1,81.2,2.0535
1,0.1,81.7,2.0492
1,0.1,82.1,2.0535
1,0.1,82.6,2.058
1,0.1,83.2,2.0624
1,0.1,83.6,2.0669
1,0.1,84.2,2.0715
1,0.1,84.6,2.0761
1,0.1,85.2,2.0807
1,0.1,85.9,2.0854
1,0.1,86.2,2.0807
1,0.1,86.5,2.0949
1,0.1,87.1,2.0998
1,0.1,87.6,2.0949
1,0.1,88.2,2.0998
1,0.1,88.5,2.1147
1,0.1,89.1,2.1047
4,0.5,11.3,1.4822
4,0.5,11.5,1.4822
4,0.5,12.0,1.4822
4,0.5,12.4,1.4833
4,0.5,12.8,1.4845
4,0.5,13.2,1.4845
4,0.5,13.7,1.4857
4,0.5,14.1,1.4857
4,0.5,14.6,1.4857
4,0.5,15.0,1.4881
4,0.5,15.4,1.4881
4,0.5,15.9,1.4881
4,0.5,16.4,1.4893
4,0.5,16.8,1.4893
4,0.5,16.9,1.4905
4,0.5,17.5,1.4905
4,0.5,18.0,1.4929
4,0.5,18.5,1.4941
4,0.5,19.0,1.4941
4,0.5,19.4,1.4953
4,0.5,19.9,1.4953
4,0.5,20.4,1.4965
4,0.5,20.9,1.4965
4,0.5,21.4,1.4965
4,0.5,21.9,1.4977
4,0.5,22.4,1.499
4,0.5,22.9,1.5002
4,0.5,23.4,1.5002
4,0.5,23.9,1.5026
4,0.5,24.4,1.5026
4,0.5,24.9,1.5026
4,0.5,25.3,1.5064
4,0.5,25.8,1.5064
4,0.5,26.3,1.5064
4,0.5,26.8,1.5076
4,0.5,27.2,1.5088
4,0.5,27.7,1.5101
4,0.5,28.2,1.5114
4,0.5,28.7,1.5126
4,0.5,29.2,1.5139
4,0.5,29.7,1.5152
4,0.5,30.2,1.5164
4,0.5,30.7,1.5203
4,0.5,31.2,1.5241
4,0.5,31.7,1.5241
4,0.5,32.2,1.5254
4,0.5,32.6,1.528
4,0.5,33.2,1.5307
4,0.5,33.6,1.5333
4,0.5,34.2,1.536
4,0.5,34.6,1.5386
4,0.5,35.2,1.5413
4,0.5,35.6,1.544
4,0.5,36.1,1.5468
4,0.5,36.6,1.5536
4,0.5,37.1,1.555
4,0.5,37.5,1.5578
4,0.5,38.0,1.5635
4,0.5,38.5,1.5677
4,0.5,39.0,1.5735
4,0.5,39.5,1.5794
4,0.5,40.0,1.5853
4,0.5,40.5,1.5898
4,0.5,41.0,1.5974
4,0.5,41.5,1.602
4,0.5,42.0,1.6098
4,0.5,42.4,1.6178
4,0.5,42.9,1.6259
4,0.5,43.5,1.6325
4,0.5,44.0,1.6409
4,0.5,44.5,1.6547
4,0.5,44.9,1.6618
4,0.5,45.5,1.669
4,0.5,45.9,1.68
4,0.5,46.5,1.6893
4,0.5,46.9,1.6989
4,0.5,47.5,1.7107
4,0.5,47.9,1.7208
4,0.5,48.4,1.729
4,0.5,49.0,1.7417
4,0.5,49.5,1.7547
4,0.5,49.9,1.7681
4,0.5,50.5,1.775
4,0.5,50.9,1.7844
4,0.5,51.5,1.7939
4,0.5,51.9,1.7963
4,0.5,52.4,1.8061
4,0.5,52.9,1.8162
4,0.5,53.4,1.8265
4,0.5,53.9,1.8343
4,0.5,54.4,1.8424
4,0.5,54.9,1.8478
4,0.5,55.4,1.8533
4,0.5,55.9,1.8588
4,0.5,56.4,1.8645
4,0.5,56.9,1.8731
4,0.5,57.4,1.876
4,0.5,57.9,1.876
4,0.5,58.4,1.8848
4,0.5,58.9,1.8848
4,0.5,59.4,1.8908
4,0.5,59.8,1.8908
4,0.5,60.4,1.9
4,0.5,60.9,1.8938
4,0.5,61.4,1.8969
4,0.5,61.9,1.9031
4,0.5,62.4,1.9093
4,0.5,62.8,1.9093
4,0.5,63.4,1.9093
4,0.5,63.8,1.9125
4,0.5,64.3,1.9188
4,0.5,64.9,1.9188
4,0.5,65.3,1.9188
4,0.5,65.9,1.9188
4,0.5,66.3,1.9221
4,0.5,66.8,1.9253
4,0.5,67.4,1.9253
4,0.5,67.8,1.9286
4,0.5,68.3,1.9286
4,0.5,68.8,1.9319
4,0.5,69.2,1.9319
4,0.5,69.9,1.9352
4,0.5,70.3,1.9352
4,0.5,70.8,1.9386
4,0.5,71.3,1.9386
4,0.5,71.9,1.9454
4,0.5,72.3,1.9454
4,0.5,72.8,1.9488
4,0.5,73.2,1.9488
4,0.5,73.7,1.9523
4,0.5,74.3,1.9523
4,0.5,74.8,1.9488
4,0.5,75.2,1.9558
4,0.5,75.7,1.9558
4,0.5,76.3,1.9593
4,0.5,76.8,1.9593
4,0.5,77.2,1.9593
4,0.5,77.7,1.9628
4,0.5,78.2,1.9664
4,0.5,78.7,1.9628
4,0.5,79.2,1.9664
4,0.5,79.7,1.9628
4,0.5,80.2,1.97
4,0.5,80.7,1.97
4,0.5,81.2,1.9736
4,0.5,81.7,1.9736
4,0.5,82.1,1.9736
4,0.5,82.6,1.9736
4,0.5,83.2,1.9773
4,0.5,83.6,1.981
4,0.5,84.2,1.981
4,0.5,84.6,1.981
4,0.5,85.2,1.9847
4,0.5,85.9,1.9847
4,0.5,86.2,1.9847
4,0.5,86.5,1.9885
4,0.5,87.1,1.9923
4,0.5,87.6,1.9923
4,0.5,88.2,1.9961
4,0.5,88.5,1.9961
4,0.5,89.1,2.0
7,1.0,11.3,0.5223
7,1.0,11.5,0.5225
7,1.0,12.0,0.5227
7,1.0,12.4,0.5226
7,1.0,12.8,0.5228
7,1.0,13.2,0.5231
7,1.0,13.7,0.5231
7,1.0,14.1,0.5231
7,1.0,14.6,0.5235
7,1.0,15.0,0.5237
7,1.0,15.4,0.5239
7,1.0,15.9,0.524
7,1.0,16.4,0.5241
7,1.0,16.8,0.5244
7,1.0,16.9,0.5247
7,1.0,17.5,0.525
7,1.0,18.0,0.525
7,1.0,18.5,0.5256
7,1.0,19.0,0.5257
7,1.0,19.4,0.526
7,1.0,19.9,0.5262
7,1.0,20.4,0.5265
7,1.0,20.9,0.5269
7,1.0,21.4,0.5271
7,1.0,21.9,0.5275
7,1.0,22.4,0.5279
7,1.0,22.9,0.5284
7,1.0,23.4,0.5287
7,1.0,23.9,0.5292
7,1.0,24.4,0.5297
7,1.0,24.9,0.5303
7,1.0,25.3,0.5307
7,1.0,25.8,0.5313
7,1.0,26.3,0.532
7,1.0,26.8,0.5326
7,1.0,27.2,0.5333
7,1.0,27.7,0.5341
7,1.0,28.2,0.5349
7,1.0,28.7,0.5358
7,1.0,29.2,0.5368
7,1.0,29.7,0.5377
7,1.0,30.2,0.5388
7,1.0,30.7,0.5402
7,1.0,31.2,0.5413
7,1.0,31.7,0.5427
7,1.0,32.2,0.5439
7,1.0,32.6,0.5453
7,1.0,33.2,0.5462
7,1.0,33.6,0.5481
7,1.0,34.2,0.5495
7,1.0,34.6,0.5511
7,1.0,35.2,0.5532
7,1.0,35.6,0.555
7,1.0,36.1,0.5571
7,1.0,36.6,0.5595
7,1.0,37.1,0.5613
7,1.0,37.5,0.5637
7,1.0,38.0,0.5663
7,1.0,38.5,0.5687
7,1.0,39.0,0.5718
7,1.0,39.5,0.5745
7,1.0,40.0,0.5779
7,1.0,40.5,0.581
7,1.0,41.0,0.5845
7,1.0,41.5,0.5878
7,1.0,42.0,0.5914
7,1.0,42.4,0.5949
7,1.0,42.9,0.5985
7,1.0,43.5,0.6022
7,1.0,44.0,0.6061
7,1.0,44.5,0.6095
7,1.0,44.9,0.6133
7,1.0,45.5,0.6167
7,1.0,45.9,0.6212
7,1.0,46.5,0.6238
7,1.0,46.9,0.6271
7,1.0,47.5,0.63
7,1.0,47.9,0.6334
7,1.0,48.4,0.6364
7,1.0,49.0,0.6389
7,1.0,49.5,0.6418
7,1.0,49.9,0.6443
7,1.0,50.5,0.6467
7,1.0,50.9,0.6486
7,1.0,51.5,0.6511
7,1.0,51.9,0.6528
7,1.0,52.4,0.6547
7,1.0,52.9,0.6563
7,1.0,53.4,0.6579
7,1.0,53.9,0.6591
7,1.0,54.4,0.6605
7,1.0,54.9,0.662
7,1.0,55.4,0.663
7,1.0,55.9,0.6641
7,1.0,56.4,0.6652
7,1.0,56.9,0.6659
7,1.0,57.4,0.667
7,1.0,57.9,0.6681
7,1.0,58.4,0.6688
7,1.0,58.9,0.6693
7,1.0,59.4,0.6702
7,1.0,59.8,0.671
7,1.0,60.4,0.6717
7,1.0,60.9,0.6726
7,1.0,61.4,0.6728
7,1.0,61.9,0.6739
7,1.0,62.4,0.6744
7,1.0,62.8,0.675
7,1.0,63.4,0.6757
7,1.0,63.8,0.6765
7,1.0,64.3,0.6774
7,1.0,64.9,0.6776
7,1.0,65.3,0.6781
7,1.0,65.9,0.679
7,1.0,66.3,0.6794
7,1.0,66.8,0.6798
7,1.0,67.4,0.6801
7,1.0,67.8,0.6805
7,1.0,68.3,0.6811
7,1.0,68.8,0.6818
7,1.0,69.2,0.6822
7,1.0,69.9,0.6826
7,1.0,70.3,0.6829
7,1.0,70.8,0.6837
7,1.0,71.3,0.6843
7,1.0,71.9,0.6848
7,1.0,72.3,0.6852
7,1.0,72.8,0.6859
7,1.0,73.2,0.6865
7,1.0,73.7,0.6869
7,1.0,74.3,0.6871
7,1.0,74.8,0.6876
7,1.0,75.2,0.6882
7,1.0,75.7,0.6886
7,1.0,76.3,0.6893
7,1.0,76.8,0.6895
7,1.0,77.2,0.6905
7,1.0,77.7,0.6911
7,1.0,78.2,0.6916
7,1.0,78.7,0.6918
7,1.0,79.2,0.6922
7,1.0,79.7,0.6926
7,1.0,80.2,0.6932
7,1.0,80.7,0.6937
7,1.0,81.2,0.6943
7,1.0,81.7,0.6947
7,1.0,82.1,0.6953
7,1.0,82.6,0.6956
7,1.0,83.2,0.6958
7,1.0,83.6,0.6964
7,1.0,84.2,0.6972
7,1.0,84.6,0.6974
7,1.0,85.2,0.6972
7,1.0,85.9,0.6978
7,1.0,86.2,0.6984
7,1.0,86.5,0.6993
7,1.0,87.1,0.7003
7,1.0,87.6,0.7001
7,1.0,88.2,0.7015
7,1.0,88.5,0.7018
7,1.0,89.1,0.702
2,0.1,11.4,0.907
2,0.1,11.5,0.908
2,0.1,12.0,0.9096
2,0.1,13.5,0.9083
2,0.1,14.0,0.9083
2,0.1,14.1,0.9086
2,0.1,14.5,0.9093
2,0.1,14.4,0.9099
2,0.1,14.4,0.9115
2,0.1,15.1,0.9124
2,0.1,15.5,0.9131
2,0.1,16.0,0.914
2,0.1,16.5,0.9147
2,0.1,16.9,0.9156
2,0.1,17.4,0.9156
2,0.1,17.9,0.9166
2,0.1,18.4,0.9172
2,0.1,18.9,0.9172
2,0.1,19.3,0.9179
2,0.1,19.8,0.9182
2,0.1,20.3,0.9188
2,0.1,20.8,0.9201
2,0.1,21.3,0.9205
2,0.1,21.8,0.9211
2,0.1,22.2,0.9218
2,0.1,22.8,0.9221
2,0.1,23.3,0.9231
2,0.1,23.7,0.9234
2,0.1,24.2,0.9241
2,0.1,24.7,0.9244
2,0.1,25.2,0.925
2,0.1,25.6,0.9254
2,0.1,26.0,0.9264
2,0.1,26.5,0.927
2,0.1,27.0,0.927
2,0.1,27.3,0.9283
2,0.1,27.9,0.9287
2,0.1,28.4,0.9293
2,0.1,28.9,0.93
2,0.1,29.3,0.9313
2,0.1,29.8,0.932
2,0.1,30.3,0.9326
2,0.1,30.8,0.934
2,0.1,31.3,0.9347
2,0.1,31.7,0.9353
2,0.1,32.3,0.9363
2,0.1,32.7,0.9373
2,0.1,33.3,0.9384
2,0.1,33.7,0.9397
2,0.1,34.2,0.9407
2,0.1,34.7,0.9421
2,0.1,35.2,0.9438
2,0.1,35.7,0.9459
2,0.1,36.2,0.9466
2,0.1,36.7,0.9483
2,0.1,37.2,0.95
2,0.1,37.6,0.9514
2,0.1,38.1,0.9535
2,0.1,38.6,0.9556
2,0.1,39.1,0.9574
2,0.1,39.6,0.9602
2,0.1,40.1,0.9627
2,0.1,40.6,0.9649
2,0.1,41.1,0.9681
2,0.1,41.6,0.9714
2,0.1,42.0,0.9747
2,0.1,42.6,0.978
2,0.1,43.0,0.9813
2,0.1,43.5,0.9855
2,0.1,44.0,0.9893
2,0.1,44.5,0.9935
2,0.1,45.0,0.9985
2,0.1,45.5,1.0024
2,0.1,46.0,1.0079
2,0.1,46.5,1.0127
2,0.1,47.0,1.0188
2,0.1,47.5,1.0241
2,0.1,48.0,1.0295
2,0.1,48.5,1.0354
2,0.1,49.0,1.0426
2,0.1,49.5,1.0482
2,0.1,50.0,1.0548
2,0.1,50.5,1.0624
2,0.1,50.9,1.0683
2,0.1,51.5,1.0752
2,0.1,52.0,1.0827
2,0.1,52.4,1.0893
2,0.1,53.0,1.0951
2,0.1,53.4,1.1029
2,0.1,54.0,1.1084
2,0.1,54.4,1.1145
2,0.1,55.0,1.1211
2,0.1,55.4,1.1258
2,0.1,55.9,1.1326
2,0.1,56.5,1.1384
2,0.1,56.9,1.1422
2,0.1,57.4,1.1471
2,0.1,57.9,1.1509
2,0.1,58.4,1.1548
2,0.1,58.9,1.1587
2,0.1,59.5,1.1621
2,0.1,59.9,1.165
2,0.1,60.4,1.1673
2,0.1,60.9,1.1701
2,0.1,61.4,1.173
2,0.1,61.9,1.1748
2,0.1,62.5,1.1771
2,0.1,62.8,1.1789
2,0.1,63.4,1.1812
2,0.1,63.9,1.1824
2,0.1,64.4,1.1842
2,0.1,64.9,1.1854
2,0.1,65.4,1.1878
2,0.1,65.9,1.1896
2,0.1,66.3,1.1908
2,0.1,66.8,1.1926
2,0.1,67.4,1.1932
2,0.1,67.9,1.1944
2,0.1,68.3,1.1963
2,0.1,68.8,1.1969
2,0.1,69.3,1.1987
2,0.1,69.9,1.1994
2,0.1,70.3,1.2006
2,0.1,70.8,1.2018
2,0.1,71.3,1.2043
2,0.1,71.9,1.2043
2,0.1,72.3,1.2056
2,0.1,72.8,1.2074
2,0.1,73.3,1.2087
2,0.1,73.8,1.2106
2,0.1,74.4,1.2112
2,0.1,74.7,1.2131
2,0.1,75.3,1.2131
2,0.1,75.7,1.2151
2,0.1,76.2,1.2163
2,0.1,76.9,1.2176
2,0.1,77.2,1.2189
2,0.1,77.8,1.2196
2,0.1,78.2,1.2208
2,0.1,78.7,1.2221
2,0.1,79.2,1.2241
2,0.1,79.7,1.2254
2,0.1,80.3,1.2267
2,0.1,80.7,1.228
2,0.1,81.2,1.2294
2,0.1,81.7,1.2313
2,0.1,82.2,1.2327
2,0.1,82.8,1.234
2,0.1,83.2,1.236
2,0.1,83.8,1.2374
2,0.1,84.2,1.2394
2,0.1,84.7,1.2401
2,0.1,85.1,1.2407
2,0.1,85.9,1.2435
2,0.1,86.1,1.2442
2,0.1,86.7,1.2455
2,0.1,87.2,1.2476
2,0.1,87.6,1.249
2,0.1,88.2,1.2503
2,0.1,88.5,1.2524
2,0.1,89.1,1.2545
5,0.5,11.4,0.8723
5,0.5,11.5,0.8717
5,0.5,12.0,0.8711
5,0.5,13.5,0.8717
5,0.5,14.0,0.872
5,0.5,14.1,0.8723
5,0.5,14.5,0.872
5,0.5,14.4,0.872
5,0.5,14.4,0.8717
5,0.5,15.1,0.8723
5,0.5,15.5,0.8729
5,0.5,16.0,0.8732
5,0.5,16.5,0.8737
5,0.5,16.9,0.8737
5,0.5,17.4,0.8737
5,0.5,17.9,0.874
5,0.5,18.4,0.8743
5,0.5,18.9,0.8749
5,0.5,19.3,0.8752
5,0.5,19.8,0.8755
5,0.5,20.3,0.8761
5,0.5,20.8,0.8764
5,0.5,21.3,0.8772
5,0.5,21.8,0.8772
5,0.5,22.2,0.8778
5,0.5,22.8,0.8784
5,0.5,23.3,0.8787
5,0.5,23.7,0.879
5,0.5,24.2,0.8796
5,0.5,24.7,0.8805
5,0.5,25.2,0.8811
5,0.5,25.6,0.8814
5,0.5,26.0,0.8817
5,0.5,26.5,0.8829
5,0.5,27.0,0.8835
5,0.5,27.3,0.8838
5,0.5,27.9,0.8847
5,0.5,28.4,0.8856
5,0.5,28.9,0.8868
5,0.5,29.3,0.8874
5,0.5,29.8,0.8886
5,0.5,30.3,0.8895
5,0.5,30.8,0.8907
5,0.5,31.3,0.8919
5,0.5,31.7,0.8931
5,0.5,32.3,0.8946
5,0.5,32.7,0.8959
5,0.5,33.3,0.8977
5,0.5,33.7,0.8989
5,0.5,34.2,0.9011
5,0.5,34.7,0.9027
5,0.5,35.2,0.9048
5,0.5,35.7,0.907
5,0.5,36.2,0.9093
5,0.5,36.7,0.9112
5,0.5,37.2,0.914
5,0.5,37.6,0.9163
5,0.5,38.1,0.9195
5,0.5,38.6,0.9224
5,0.5,39.1,0.9254
5,0.5,39.6,0.9293
5,0.5,40.1,0.9326
5,0.5,40.6,0.9367
5,0.5,41.1,0.9404
5,0.5,41.6,0.9452
5,0.5,42.0,0.9493
5,0.5,42.6,0.9542
5,0.5,43.0,0.9591
5,0.5,43.5,0.9641
5,0.5,44.0,0.9692
5,0.5,44.5,0.975
5,0.5,45.0,0.981
5,0.5,45.5,0.9862
5,0.5,46.0,0.9923
5,0.5,46.5,0.9977
5,0.5,47.0,1.0047
5,0.5,47.5,1.0103
5,0.5,48.0,1.0167
5,0.5,48.5,1.0224
5,0.5,49.0,1.0282
5,0.5,49.5,1.0345
5,0.5,50.0,1.04
5,0.5,50.5,1.0456
5,0.5,50.9,1.0504
5,0.5,51.5,1.0557
5,0.5,52.0,1.061
5,0.5,52.4,1.0647
5,0.5,53.0,1.0683
5,0.5,53.4,1.072
5,0.5,54.0,1.0752
5,0.5,54.4,1.0784
5,0.5,55.0,1.0822
5,0.5,55.4,1.0846
5,0.5,55.9,1.0874
5,0.5,56.5,1.0908
5,0.5,56.9,1.0922
5,0.5,57.4,1.0946
5,0.5,57.9,1.097
5,0.5,58.4,1.0985
5,0.5,58.9,1.1
5,0.5,59.5,1.1015
5,0.5,59.9,1.1034
5,0.5,60.4,1.1049
5,0.5,60.9,1.1059
5,0.5,61.4,1.1074
5,0.5,61.9,1.1089
5,0.5,62.5,1.1094
5,0.5,62.8,1.1114
5,0.5,63.4,1.1119
5,0.5,63.9,1.1134
5,0.5,64.4,1.1145
5,0.5,64.9,1.1155
5,0.5,65.4,1.1165
5,0.5,65.9,1.118
5,0.5,66.3,1.118
5,0.5,66.8,1.1196
5,0.5,67.4,1.1206
5,0.5,67.9,1.1216
5,0.5,68.3,1.1232
5,0.5,68.8,1.1237
5,0.5,69.3,1.1247
5,0.5,69.9,1.1252
5,0.5,70.3,1.1263
5,0.5,70.8,1.1268
5,0.5,71.3,1.1284
5,0.5,71.9,1.1289
5,0.5,72.3,1.1305
5,0.5,72.8,1.1305
5,0.5,73.3,1.1321
5,0.5,73.8,1.1331
5,0.5,74.4,1.1342
5,0.5,74.7,1.1352
5,0.5,75.3,1.1358
5,0.5,75.7,1.1363
5,0.5,76.2,1.1374
5,0.5,76.9,1.1379
5,0.5,77.2,1.1384
5,0.5,77.8,1.139
5,0.5,78.2,1.1406
5,0.5,78.7,1.1411
5,0.5,79.2,1.1417
5,0.5,79.7,1.1417
5,0.5,80.3,1.1433
5,0.5,80.7,1.1438
5,0.5,81.2,1.1449
5,0.5,81.7,1.1455
5,0.5,82.2,1.1466
5,0.5,82.8,1.1477
5,0.5,83.2,1.1482
5,0.5,83.8,1.1493
5,0.5,84.2,1.1498
5,0.5,84.7,1.1498
5,0.5,85.1,1.1515
5,0.5,85.9,1.1509
5,0.5,86.1,1.1521
5,0.5,86.7,1.1532
5,0.5,87.2,1.1537
5,0.5,87.6,1.1548
5,0.5,88.2,1.1554
5,0.5,88.5,1.1554
5,0.5,89.1,1.1565
8,1.0,11.4,0.3222
8,1.0,11.5,0.3222
8,1.0,12.0,0.3223
8,1.0,13.5,0.3226
8,1.0,14.0,0.3235
8,1.0,14.1,0.3233
8,1.0,14.5,0.3235
8,1.0,14.4,0.3232
8,1.0,14.4,0.3232
8,1.0,15.1,0.3234
8,1.0,15.5,0.3234
8,1.0,16.0,0.3234
8,1.0,16.5,0.3235
8,1.0,16.9,0.3236
8,1.0,17.4,0.3238
8,1.0,17.9,0.3239
8,1.0,18.4,0.324
8,1.0,18.9,0.324
8,1.0,19.3,0.3242
8,1.0,19.8,0.3245
8,1.0,20.3,0.3247
8,1.0,20.8,0.3247
8,1.0,21.3,0.3249
8,1.0,21.8,0.3251
8,1.0,22.2,0.3254
8,1.0,22.8,0.3257
8,1.0,23.3,0.3259
8,1.0,23.7,0.3262
8,1.0,24.2,0.3265
8,1.0,24.7,0.3268
8,1.0,25.2,0.3271
8,1.0,25.6,0.3273
8,1.0,26.0,0.3278
8,1.0,26.5,0.3282
8,1.0,27.0,0.3285
8,1.0,27.3,0.329
8,1.0,27.9,0.3296
8,1.0,28.4,0.3302
8,1.0,28.9,0.3305
8,1.0,29.3,0.3313
8,1.0,29.8,0.332
8,1.0,30.3,0.3328
8,1.0,30.8,0.3335
8,1.0,31.3,0.3342
8,1.0,31.7,0.3352
8,1.0,32.3,0.3361
8,1.0,32.7,0.337
8,1.0,33.3,0.338
8,1.0,33.7,0.339
8,1.0,34.2,0.3401
8,1.0,34.7,0.3413
8,1.0,35.2,0.3427
8,1.0,35.7,0.3441
8,1.0,36.2,0.3454
8,1.0,36.7,0.3467
8,1.0,37.2,0.348
8,1.0,37.6,0.3496
8,1.0,38.1,0.3513
8,1.0,38.6,0.3528
8,1.0,39.1,0.3547
8,1.0,39.6,0.3564
8,1.0,40.1,0.3582
8,1.0,40.6,0.3602
8,1.0,41.1,0.3621
8,1.0,41.6,0.364
8,1.0,42.0,0.366
8,1.0,42.6,0.368
8,1.0,43.0,0.37
8,1.0,43.5,0.3721
8,1.0,44.0,0.3739
8,1.0,44.5,0.3759
8,1.0,45.0,0.3781
8,1.0,45.5,0.3797
8,1.0,46.0,0.3815
8,1.0,46.5,0.383
8,1.0,47.0,0.3847
8,1.0,47.5,0.3862
8,1.0,48.0,0.3877
8,1.0,48.5,0.3889
8,1.0,49.0,0.3903
8,1.0,49.5,0.3916
8,1.0,50.0,0.3927
8,1.0,50.5,0.3936
8,1.0,50.9,0.3946
8,1.0,51.5,0.3955
8,1.0,52.0,0.3964
8,1.0,52.4,0.3971
8,1.0,53.0,0.3979
8,1.0,53.4,0.3986
8,1.0,54.0,0.3993
8,1.0,54.4,0.3999
8,1.0,55.0,0.4005
8,1.0,55.4,0.4012
8,1.0,55.9,0.4017
8,1.0,56.5,0.4022
8,1.0,56.9,0.4028
8,1.0,57.4,0.4032
8,1.0,57.9,0.4038
8,1.0,58.4,0.4041
8,1.0,58.9,0.4047
8,1.0,59.5,0.405
8,1.0,59.9,0.4055
8,1.0,60.4,0.4061
8,1.0,60.9,0.4064
8,1.0,61.4,0.4069
8,1.0,61.9,0.4072
8,1.0,62.5,0.4076
8,1.0,62.8,0.4081
8,1.0,63.4,0.4085
8,1.0,63.9,0.4089
8,1.0,64.4,0.4093
8,1.0,64.9,0.4097
8,1.0,65.4,0.4102
8,1.0,65.9,0.4105
8,1.0,66.3,0.4111
8,1.0,66.8,0.4114
8,1.0,67.4,0.4119
8,1.0,67.9,0.4121
8,1.0,68.3,0.4124
8,1.0,68.8,0.4129
8,1.0,69.3,0.4132
8,1.0,69.9,0.4136
8,1.0,70.3,0.4141
8,1.0,70.8,0.4143
8,1.0,71.3,0.4147
8,1.0,71.9,0.4151
8,1.0,72.3,0.4156
8,1.0,72.8,0.416
8,1.0,73.3,0.4163
8,1.0,73.8,0.4167
8,1.0,74.4,0.4173
8,1.0,74.7,0.4176
8,1.0,75.3,0.4181
8,1.0,75.7,0.4183
8,1.0,76.2,0.4188
8,1.0,76.9,0.4191
8,1.0,77.2,0.4193
8,1.0,77.8,0.4199
8,1.0,78.2,0.4202
8,1.0,78.7,0.4207
8,1.0,79.2,0.421
8,1.0,79.7,0.4215
8,1.0,80.3,0.4218
8,1.0,80.7,0.4224
8,1.0,81.2,0.4225
8,1.0,81.7,0.4231
8,1.0,82.2,0.4239
8,1.0,82.8,0.4238
8,1.0,83.2,0.4242
8,1.0,83.8,0.4246
8,1.0,84.2,0.4248
8,1.0,84.7,0.4254
8,1.0,85.1,0.4259
8,1.0,85.9,0.426
8,1.0,86.1,0.4266
8,1.0,86.7,0.427
8,1.0,87.2,0.4275
8,1.0,87.6,0.428
8,1.0,88.2,0.4281
8,1.0,88.5,0.4288
8,1.0,89.1,0.4294
3,0.1,11.5,0.4961
3,0.1,11.6,0.4965
3,0.1,12.0,0.4966
3,0.1,12.4,0.497
3,0.1,12.8,0.4972
3,0.1,13.3,0.4973
3,0.1,13.7,0.4977
3,0.1,14.1,0.498
3,0.1,14.5,0.498
3,0.1,14.4,0.4986
3,0.1,15.1,0.499
3,0.1,15.5,0.4991
3,0.1,16.0,0.4996
3,0.1,16.5,0.4998
3,0.1,17.0,0.5002
3,0.1,17.4,0.5002
3,0.1,17.9,0.5005
3,0.1,18.4,0.5007
3,0.1,18.9,0.501
3,0.1,19.4,0.5012
3,0.1,19.9,0.5016
3,0.1,20.4,0.5017
3,0.1,20.9,0.502
3,0.1,21.3,0.5022
3,0.1,21.8,0.5026
3,0.1,22.3,0.5027
3,0.1,22.9,0.5031
3,0.1,23.4,0.5035
3,0.1,23.9,0.5036
3,0.1,24.4,0.504
3,0.1,24.9,0.5042
3,0.1,25.2,0.5045
3,0.1,25.8,0.505
3,0.1,26.3,0.5052
3,0.1,26.7,0.5056
3,0.1,27.2,0.5061
3,0.1,27.7,0.5065
3,0.1,28.2,0.5069
3,0.1,28.7,0.5074
3,0.1,29.2,0.5078
3,0.1,29.6,0.5082
3,0.1,30.2,0.5088
3,0.1,30.7,0.5093
3,0.1,31.2,0.51
3,0.1,31.7,0.5106
3,0.1,32.2,0.511
3,0.1,32.6,0.5117
3,0.1,33.1,0.5125
3,0.1,33.6,0.5134
3,0.1,34.1,0.5141
3,0.1,34.6,0.5148
3,0.1,35.1,0.5159
3,0.1,35.6,0.5169
3,0.1,36.1,0.5181
3,0.1,36.6,0.519
3,0.1,37.1,0.52
3,0.1,37.5,0.521
3,0.1,38.0,0.5224
3,0.1,38.5,0.524
3,0.1,39.0,0.5254
3,0.1,39.5,0.5268
3,0.1,40.0,0.5286
3,0.1,40.5,0.5306
3,0.1,41.0,0.5324
3,0.1,41.5,0.5345
3,0.1,42.0,0.5366
3,0.1,42.4,0.5388
3,0.1,42.9,0.5412
3,0.1,43.5,0.544
3,0.1,44.0,0.5468
3,0.1,44.5,0.5496
3,0.1,44.9,0.5522
3,0.1,45.5,0.5555
3,0.1,46.0,0.5589
3,0.1,46.5,0.5625
3,0.1,47.0,0.5657
3,0.1,47.5,0.569
3,0.1,47.9,0.573
3,0.1,48.4,0.5764
3,0.1,49.0,0.5808
3,0.1,49.5,0.5844
3,0.1,49.9,0.5884
3,0.1,50.5,0.5924
3,0.1,51.0,0.5967
3,0.1,51.4,0.6005
3,0.1,52.0,0.6046
3,0.1,52.4,0.6079
3,0.1,53.0,0.6115
3,0.1,53.4,0.6155
3,0.1,54.0,0.6188
3,0.1,54.4,0.622
3,0.1,54.9,0.6246
3,0.1,55.4,0.6275
3,0.1,55.9,0.6301
3,0.1,56.4,0.6327
3,0.1,56.9,0.6351
3,0.1,57.4,0.6371
3,0.1,57.9,0.639
3,0.1,58.4,0.6409
3,0.1,58.9,0.6426
3,0.1,59.4,0.6444
3,0.1,59.9,0.6458
3,0.1,60.4,0.6468
3,0.1,60.9,0.6482
3,0.1,61.4,0.6496
3,0.1,61.9,0.6507
3,0.1,62.4,0.6516
3,0.1,62.8,0.6528
3,0.1,63.4,0.6542
3,0.1,63.9,0.6551
3,0.1,64.3,0.656
3,0.1,64.9,0.6569
3,0.1,65.4,0.6578
3,0.1,65.9,0.6587
3,0.1,66.3,0.6596
3,0.1,66.8,0.6605
3,0.1,67.3,0.6614
3,0.1,67.9,0.662
3,0.1,68.3,0.6632
3,0.1,68.8,0.6638
3,0.1,69.3,0.6645
3,0.1,69.9,0.6656
3,0.1,70.3,0.6664
3,0.1,70.8,0.6673
3,0.1,71.3,0.6682
3,0.1,71.8,0.6689
3,0.1,72.3,0.6699
3,0.1,72.8,0.6708
3,0.1,73.3,0.6715
3,0.1,73.8,0.6724
3,0.1,74.4,0.6732
3,0.1,74.8,0.6739
3,0.1,75.2,0.6749
3,0.1,75.7,0.6758
3,0.1,76.2,0.6767
3,0.1,76.8,0.6777
3,0.1,77.2,0.6788
3,0.1,77.7,0.6794
3,0.1,78.2,0.6805
3,0.1,78.7,0.6813
3,0.1,79.2,0.6826
3,0.1,79.7,0.6836
3,0.1,80.2,0.6841
3,0.1,80.7,0.6855
3,0.1,81.3,0.6866
3,0.1,81.7,0.6878
3,0.1,82.1,0.6889
3,0.1,82.6,0.6901
3,0.1,83.2,0.6909
3,0.1,83.6,0.692
3,0.1,84.2,0.6934
3,0.1,84.6,0.6944
3,0.1,85.1,0.6955
3,0.1,85.7,0.6971
3,0.1,86.2,0.6985
3,0.1,86.7,0.6993
3,0.1,87.2,0.7009
3,0.1,87.6,0.7019
3,0.1,88.2,0.7035
3,0.1,88.6,0.7045
3,0.1,89.1,0.7059
6,0.5,11.5,0.4671
6,0.5,11.6,0.4672
6,0.5,12.0,0.4675
6,0.5,12.4,0.4679
6,0.5,12.8,0.4678
6,0.5,13.3,0.4678
6,0.5,13.7,0.4678
6,0.5,14.1,0.4679
6,0.5,14.5,0.4682
6,0.5,14.4,0.4683
6,0.5,15.1,0.4685
6,0.5,15.5,0.4687
6,0.5,16.0,0.4691
6,0.5,16.5,0.4692
6,0.5,17.0,0.4694
6,0.5,17.4,0.4694
6,0.5,17.9,0.4697
6,0.5,18.4,0.4699
6,0.5,18.9,0.4701
6,0.5,19.4,0.4703
6,0.5,19.9,0.4705
6,0.5,20.4,0.4708
6,0.5,20.9,0.471
6,0.5,21.3,0.4713
6,0.5,21.8,0.4714
6,0.5,22.3,0.4718
6,0.5,22.9,0.4721
6,0.5,23.4,0.4726
6,0.5,23.9,0.4727
6,0.5,24.4,0.4731
6,0.5,24.9,0.4737
6,0.5,25.2,0.4739
6,0.5,25.8,0.4742
6,0.5,26.3,0.4747
6,0.5,26.7,0.4752
6,0.5,27.2,0.4757
6,0.5,27.7,0.4764
6,0.5,28.2,0.4771
6,0.5,28.7,0.4774
6,0.5,29.2,0.4783
6,0.5,29.6,0.479
6,0.5,30.2,0.4797
6,0.5,30.7,0.4807
6,0.5,31.2,0.4815
6,0.5,31.7,0.4825
6,0.5,32.2,0.4833
6,0.5,32.6,0.4845
6,0.5,33.1,0.4856
6,0.5,33.6,0.4869
6,0.5,34.1,0.4883
6,0.5,34.6,0.4895
6,0.5,35.1,0.4909
6,0.5,35.6,0.4925
6,0.5,36.1,0.4944
6,0.5,36.6,0.4959
6,0.5,37.1,0.4977
6,0.5,37.5,0.4993
6,0.5,38.0,0.5016
6,0.5,38.5,0.504
6,0.5,39.0,0.5061
6,0.5,39.5,0.5087
6,0.5,40.0,0.5111
6,0.5,40.5,0.5139
6,0.5,41.0,0.5165
6,0.5,41.5,0.5198
6,0.5,42.0,0.5224
6,0.5,42.4,0.5257
6,0.5,42.9,0.529
6,0.5,43.5,0.5325
6,0.5,44.0,0.5358
6,0.5,44.5,0.5393
6,0.5,44.9,0.5427
6,0.5,45.5,0.5462
6,0.5,46.0,0.55
6,0.5,46.5,0.5535
6,0.5,47.0,0.5566
6,0.5,47.5,0.5598
6,0.5,47.9,0.5632
6,0.5,48.4,0.566
6,0.5,49.0,0.5686
6,0.5,49.5,0.5704
6,0.5,49.9,0.5732
6,0.5,50.5,0.5754
6,0.5,51.0,0.5779
6,0.5,51.4,0.5803
6,0.5,52.0,0.5824
6,0.5,52.4,0.5841
6,0.5,53.0,0.5861
6,0.5,53.4,0.5876
6,0.5,54.0,0.5893
6,0.5,54.4,0.5907
6,0.5,54.9,0.5917
6,0.5,55.4,0.5931
6,0.5,55.9,0.5945
6,0.5,56.4,0.5956
6,0.5,56.9,0.5964
6,0.5,57.4,0.5977
6,0.5,57.9,0.5984
6,0.5,58.4,0.5995
6,0.5,58.9,0.6003
6,0.5,59.4,0.6011
6,0.5,59.9,0.6017
6,0.5,60.4,0.6025
6,0.5,60.9,0.6032
6,0.5,61.4,0.604
6,0.5,61.9,0.6048
6,0.5,62.4,0.6052
6,0.5,62.8,0.606
6,0.5,63.4,0.6067
6,0.5,63.9,0.6073
6,0.5,64.3,0.6078
6,0.5,64.9,0.6088
6,0.5,65.4,0.6089
6,0.5,65.9,0.6099
6,0.5,66.3,0.6102
6,0.5,66.8,0.6108
6,0.5,67.3,0.6115
6,0.5,67.9,0.6125
6,0.5,68.3,0.6125
6,0.5,68.8,0.6136
6,0.5,69.3,0.6142
6,0.5,69.9,0.6151
6,0.5,70.3,0.6152
6,0.5,70.8,0.6159
6,0.5,71.3,0.6165
6,0.5,71.8,0.617
6,0.5,72.3,0.6177
6,0.5,72.8,0.6185
6,0.5,73.3,0.619
6,0.5,73.8,0.6196
6,0.5,74.4,0.6201
6,0.5,74.8,0.6208
6,0.5,75.2,0.6215
6,0.5,75.7,0.6221
6,0.5,76.2,0.6228
6,0.5,76.8,0.6233
6,0.5,77.2,0.6238
6,0.5,77.7,0.6244
6,0.5,78.2,0.6251
6,0.5,78.7,0.6256
6,0.5,79.2,0.6266
6,0.5,79.7,0.6271
6,0.5,80.2,0.6278
6,0.5,80.7,0.6283
6,0.5,81.3,0.629
6,0.5,81.7,0.6295
6,0.5,82.1,0.6305
6,0.5,82.6,0.6308
6,0.5,83.2,0.6317
6,0.5,83.6,0.6322
6,0.5,84.2,0.633
6,0.5,84.6,0.6335
6,0.5,85.1,0.6345
6,0.5,85.7,0.6351
6,0.5,86.2,0.6357
6,0.5,86.7,0.6364
6,0.5,87.2,0.6373
6,0.5,87.6,0.638
6,0.5,88.2,0.6383
6,0.5,88.6,0.6387
6,0.5,89.1,0.6375
9,1.0,11.5,0.1289
9,1.0,11.6,0.129
9,1.0,12.0,0.129
9,1.0,12.4,0.129
9,1.0,12.8,0.1289
9,1.0,13.3,0.1291
9,1.0,13.7,0.1292
9,1.0,14.1,0.1291
9,1.0,14.5,0.1291
9,1.0,14.4,0.129
9,1.0,15.1,0.1292
9,1.0,15.5,0.1292
9,1.0,16.0,0.1293
9,1.0,16.5,0.1294
9,1.0,17.0,0.1294
9,1.0,17.4,0.1297
9,1.0,17.9,0.1296
9,1.0,18.4,0.1298
9,1.0,18.9,0.1299
9,1.0,19.4,0.13
9,1.0,19.9,0.1302
9,1.0,20.4,0.1303
9,1.0,20.9,0.1305
9,1.0,21.3,0.1306
9,1.0,21.8,0.1308
9,1.0,22.3,0.1309
9,1.0,22.9,0.131
9,1.0,23.4,0.1313
9,1.0,23.9,0.1314
9,1.0,24.4,0.1317
9,1.0,24.9,0.132
9,1.0,25.2,0.1322
9,1.0,25.8,0.1324
9,1.0,26.3,0.1328
9,1.0,26.7,0.133
9,1.0,27.2,0.1335
9,1.0,27.7,0.1338
9,1.0,28.2,0.1342
9,1.0,28.7,0.1346
9,1.0,29.2,0.1351
9,1.0,29.6,0.1355
9,1.0,30.2,0.1359
9,1.0,30.7,0.1365
9,1.0,31.2,0.137
9,1.0,31.7,0.1377
9,1.0,32.2,0.1381
9,1.0,32.6,0.1388
9,1.0,33.1,0.1395
9,1.0,33.6,0.1402
9,1.0,34.1,0.1409
9,1.0,34.6,0.1416
9,1.0,35.1,0.1424
9,1.0,35.6,0.1432
9,1.0,36.1,0.1442
9,1.0,36.6,0.1451
9,1.0,37.1,0.1459
9,1.0,37.5,0.1468
9,1.0,38.0,0.1478
9,1.0,38.5,0.1488
9,1.0,39.0,0.1499
9,1.0,39.5,0.1508
9,1.0,40.0,0.152
9,1.0,40.5,0.1531
9,1.0,41.0,0.154
9,1.0,41.5,0.1552
9,1.0,42.0,0.1562
9,1.0,42.4,0.1572
9,1.0,42.9,0.1581
9,1.0,43.5,0.1592
9,1.0,44.0,0.1601
9,1.0,44.5,0.161
9,1.0,44.9,0.1618
9,1.0,45.5,0.1626
9,1.0,46.0,0.1634
9,1.0,46.5,0.1641
9,1.0,47.0,0.1648
9,1.0,47.5,0.1653
9,1.0,47.9,0.1661
9,1.0,48.4,0.1666
9,1.0,49.0,0.1671
9,1.0,49.5,0.1675
9,1.0,49.9,0.1681
9,1.0,50.5,0.1685
9,1.0,51.0,0.169
9,1.0,51.4,0.1693
9,1.0,52.0,0.1697
9,1.0,52.4,0.1701
9,1.0,53.0,0.1705
9,1.0,53.4,0.1708
9,1.0,54.0,0.1712
9,1.0,54.4,0.1716
9,1.0,54.9,0.1719
9,1.0,55.4,0.1722
9,1.0,55.9,0.1725
9,1.0,56.4,0.1727
9,1.0,56.9,0.1731
9,1.0,57.4,0.1734
9,1.0,57.9,0.1737
9,1.0,58.4,0.174
9,1.0,58.9,0.1743
9,1.0,59.4,0.1745
9,1.0,59.9,0.1747
9,1.0,60.4,0.1752
9,1.0,60.9,0.1755
9,1.0,61.4,0.1757
9,1.0,61.9,0.176
9,1.0,62.4,0.1762
9,1.0,62.8,0.1766
9,1.0,63.4,0.1768
9,1.0,63.9,0.1772
9,1.0,64.3,0.1774
9,1.0,64.9,0.1777
9,1.0,65.4,0.178
9,1.0,65.9,0.1782
9,1.0,66.3,0.1785
9,1.0,66.8,0.1788
9,1.0,67.3,0.1791
9,1.0,67.9,0.1794
9,1.0,68.3,0.1796
9,1.0,68.8,0.1798
9,1.0,69.3,0.18
9,1.0,69.9,0.1803
9,1.0,70.3,0.1806
9,1.0,70.8,0.1808
9,1.0,71.3,0.1812
9,1.0,71.8,0.1815
9,1.0,72.3,0.1817
9,1.0,72.8,0.182
9,1.0,73.3,0.1824
9,1.0,73.8,0.1827
9,1.0,74.4,0.1829
9,1.0,74.8,0.1832
9,1.0,75.2,0.1833
9,1.0,75.7,0.1835
9,1.0,76.2,0.1836
9,1.0,76.8,0.1839
9,1.0,77.2,0.1841
9,1.0,77.7,0.1844
9,1.0,78.2,0.1847
9,1.0,78.7,0.1849
9,1.0,79.2,0.1853
9,1.0,79.7,0.1856
9,1.0,80.2,0.1858
9,1.0,80.7,0.1862
9,1.0,81.3,0.1866
9,1.0,81.7,0.1868
9,1.0,82.1,0.1872
9,1.0,82.6,0.1873
9,1.0,83.2,0.1878
9,1.0,83.6,0.188
9,1.0,84.2,0.1883
9,1.0,84.6,0.1887
9,1.0,85.1,0.1889
9,1.0,85.7,0.1889
9,1.0,86.2,0.1892
9,1.0,86.7,0.1897
9,1.0,87.2,0.19
9,1.0,87.6,0.1901
9,1.0,88.2,0.1906
9,1.0,88.6,0.191
9,1.0,89.1,0.1911
