Sample,Pathlength,Temperature,Absorbance
1,0.1,10.6,0.7172
1,0.1,10.8,0.719
1,0.1,11.4,0.7172
1,0.1,11.9,0.7172
1,0.1,12.4,0.7177
1,0.1,12.8,0.719
1,0.1,13.3,0.7192
1,0.1,13.8,0.7203
1,0.1,14.3,0.7208
1,0.1,14.9,0.7223
1,0.1,15.3,0.7236
1,0.1,15.8,0.7243
1,0.1,16.3,0.7251
1,0.1,16.8,0.7261
1,0.1,17.3,0.7269
1,0.1,17.8,0.7277
1,0.1,18.3,0.7282
1,0.1,18.9,0.7292
1,0.1,19.4,0.73
1,0.1,19.9,0.7305
1,0.1,20.4,0.7313
1,0.1,20.9,0.7323
1,0.1,21.4,0.7331
1,0.1,21.9,0.7339
1,0.1,22.4,0.7344
1,0.1,22.9,0.7355
1,0.1,23.4,0.7365
1,0.1,23.9,0.737
1,0.1,24.4,0.7378
1,0.1,24.9,0.7386
1,0.1,25.4,0.7397
1,0.1,25.8,0.7402
1,0.1,26.3,0.7405
1,0.1,26.7,0.7413
1,0.1,27.1,0.7418
1,0.1,27.6,0.7426
1,0.1,28.1,0.7434
1,0.1,28.4,0.7439
1,0.1,28.9,0.7445
1,0.1,29.5,0.745
1,0.1,30.0,0.7458
1,0.1,30.4,0.7463
1,0.1,30.9,0.7466
1,0.1,31.4,0.7477
1,0.1,31.9,0.7485
1,0.1,32.4,0.749
1,0.1,32.9,0.7493
1,0.1,33.3,0.7501
1,0.1,33.9,0.7509
1,0.1,34.4,0.7512
1,0.1,34.9,0.7515
1,0.1,35.4,0.7523
1,0.1,35.8,0.7526
1,0.1,36.3,0.7534
1,0.1,36.8,0.7539
1,0.1,37.3,0.7545
1,0.1,37.7,0.7553
1,0.1,38.2,0.7558
1,0.1,38.7,0.7572
1,0.1,39.2,0.7572
1,0.1,39.7,0.7578
1,0.1,40.2,0.7586
1,0.1,40.6,0.7592
1,0.1,41.1,0.76
1,0.1,41.7,0.7608
1,0.1,42.2,0.7614
1,0.1,42.7,0.7622
1,0.1,43.1,0.763
1,0.1,43.7,0.7639
1,0.1,44.1,0.765
1,0.1,44.7,0.7658
1,0.1,45.1,0.7667
1,0.1,45.6,0.7681
1,0.1,46.1,0.7692
1,0.1,46.6,0.7701
1,0.1,47.1,0.7712
1,0.1,47.6,0.7724
1,0.1,48.1,0.7738
1,0.1,48.6,0.7752
1,0.1,49.1,0.7767
1,0.1,49.6,0.7781
1,0.1,50.1,0.7796
1,0.1,50.6,0.781
1,0.1,51.1,0.783
1,0.1,51.6,0.7848
1,0.1,52.1,0.7869
1,0.1,52.6,0.7889
1,0.1,53.1,0.7913
1,0.1,53.6,0.7937
1,0.1,54.1,0.7958
1,0.1,54.6,0.7988
1,0.1,55.1,0.8013
1,0.1,55.5,0.8037
1,0.1,56.1,0.8071
1,0.1,56.6,0.8102
1,0.1,57.1,0.8136
1,0.1,57.5,0.8168
1,0.1,58.1,0.8203
1,0.1,58.6,0.8241
1,0.1,59.1,0.8273
1,0.1,59.5,0.8312
1,0.1,60.0,0.8358
1,0.1,60.5,0.8402
1,0.1,61.0,0.8438
1,0.1,61.5,0.8479
1,0.1,62.0,0.8523
1,0.1,62.6,0.8558
1,0.1,63.1,0.861
1,0.1,63.5,0.8649
1,0.1,64.1,0.8691
1,0.1,64.5,0.8734
1,0.1,65.1,0.8774
1,0.1,65.5,0.8822
1,0.1,66.0,0.8851
1,0.1,66.5,0.8899
1,0.1,67.0,0.8929
1,0.1,67.6,0.8967
1,0.1,68.0,0.8998
1,0.1,68.5,0.9036
1,0.1,69.0,0.9071
1,0.1,69.4,0.9106
1,0.1,69.9,0.913
1,0.1,70.5,0.9162
1,0.1,71.0,0.9193
1,0.1,71.4,0.9218
1,0.1,72.0,0.925
1,0.1,72.5,0.9274
1,0.1,72.9,0.9303
1,0.1,73.4,0.9328
1,0.1,73.9,0.9348
1,0.1,74.4,0.9373
1,0.1,74.9,0.939
1,0.1,75.4,0.9419
1,0.1,75.9,0.9436
1,0.1,76.4,0.9453
1,0.1,76.9,0.9466
1,0.1,77.4,0.9492
1,0.1,77.8,0.9513
1,0.1,78.4,0.953
1,0.1,78.8,0.9552
1,0.1,79.3,0.9561
1,0.1,79.9,0.9583
1,0.1,80.3,0.9596
1,0.1,80.9,0.9618
1,0.1,81.4,0.9631
1,0.1,81.8,0.9649
1,0.1,82.3,0.9667
1,0.1,82.8,0.968
1,0.1,83.3,0.9689
1,0.1,83.8,0.9707
1,0.1,84.3,0.9725
1,0.1,84.8,0.9739
1,0.1,85.3,0.9748
1,0.1,85.8,0.9761
1,0.1,86.3,0.9766
1,0.1,86.8,0.9789
1,0.1,87.2,0.9807
1,0.1,87.8,0.9812
1,0.1,88.2,0.9826
1,0.1,88.8,0.9826
1,0.1,89.5,0.9835
4,0.5,10.6,0.8445
4,0.5,10.8,0.8455
4,0.5,11.4,0.8459
4,0.5,11.9,0.8469
4,0.5,12.4,0.8476
4,0.5,12.8,0.8482
4,0.5,13.3,0.8486
4,0.5,13.8,0.8503
4,0.5,14.3,0.8506
4,0.5,14.9,0.8513
4,0.5,15.3,0.8527
4,0.5,15.8,0.8534
4,0.5,16.3,0.8544
4,0.5,16.8,0.8547
4,0.5,17.3,0.8558
4,0.5,17.8,0.8565
4,0.5,18.3,0.8572
4,0.5,18.9,0.8579
4,0.5,19.4,0.8586
4,0.5,19.9,0.8596
4,0.5,20.4,0.86
4,0.5,20.9,0.8607
4,0.5,21.4,0.861
4,0.5,21.9,0.8624
4,0.5,22.4,0.8624
4,0.5,22.9,0.8638
4,0.5,23.4,0.8642
4,0.5,23.9,0.8649
4,0.5,24.4,0.8656
4,0.5,24.9,0.8666
4,0.5,25.4,0.867
4,0.5,25.8,0.8673
4,0.5,26.3,0.8684
4,0.5,26.7,0.8684
4,0.5,27.1,0.8688
4,0.5,27.6,0.8698
4,0.5,28.1,0.8698
4,0.5,28.4,0.8702
4,0.5,28.9,0.8709
4,0.5,29.5,0.8713
4,0.5,30.0,0.8716
4,0.5,30.4,0.872
4,0.5,30.9,0.8727
4,0.5,31.4,0.8731
4,0.5,31.9,0.8738
4,0.5,32.4,0.8741
4,0.5,32.9,0.8749
4,0.5,33.3,0.8752
4,0.5,33.9,0.8756
4,0.5,34.4,0.8763
4,0.5,34.9,0.8767
4,0.5,35.4,0.877
4,0.5,35.8,0.8774
4,0.5,36.3,0.8781
4,0.5,36.8,0.8789
4,0.5,37.3,0.8792
4,0.5,37.7,0.8796
4,0.5,38.2,0.88
4,0.5,38.7,0.8807
4,0.5,39.2,0.8811
4,0.5,39.7,0.8814
4,0.5,40.2,0.8822
4,0.5,40.6,0.8833
4,0.5,41.1,0.8836
4,0.5,41.7,0.8844
4,0.5,42.2,0.8847
4,0.5,42.7,0.8855
4,0.5,43.1,0.8862
4,0.5,43.7,0.8873
4,0.5,44.1,0.8877
4,0.5,44.7,0.8884
4,0.5,45.1,0.8892
4,0.5,45.6,0.8903
4,0.5,46.1,0.8914
4,0.5,46.6,0.8926
4,0.5,47.1,0.8929
4,0.5,47.6,0.8945
4,0.5,48.1,0.896
4,0.5,48.6,0.8963
4,0.5,49.1,0.8982
4,0.5,49.6,0.8994
4,0.5,50.1,0.9009
4,0.5,50.6,0.9028
4,0.5,51.1,0.904
4,0.5,51.6,0.9059
4,0.5,52.1,0.9079
4,0.5,52.6,0.9106
4,0.5,53.1,0.9122
4,0.5,53.6,0.9146
4,0.5,54.1,0.9162
4,0.5,54.6,0.9201
4,0.5,55.1,0.923
4,0.5,55.5,0.925
4,0.5,56.1,0.9278
4,0.5,56.6,0.9315
4,0.5,57.1,0.9344
4,0.5,57.5,0.9373
4,0.5,58.1,0.9403
4,0.5,58.6,0.9445
4,0.5,59.1,0.9483
4,0.5,59.5,0.9513
4,0.5,60.0,0.9552
4,0.5,60.5,0.9596
4,0.5,61.0,0.9635
4,0.5,61.5,0.9676
4,0.5,62.0,0.9711
4,0.5,62.6,0.9752
4,0.5,63.1,0.9798
4,0.5,63.5,0.984
4,0.5,64.1,0.9886
4,0.5,64.5,0.9919
4,0.5,65.1,0.9957
4,0.5,65.5,1.001
4,0.5,66.0,1.0049
4,0.5,66.5,1.0088
4,0.5,67.0,1.0133
4,0.5,67.6,1.0168
4,0.5,68.0,1.0198
4,0.5,68.5,1.0238
4,0.5,69.0,1.0274
4,0.5,69.4,1.031
4,0.5,69.9,1.0331
4,0.5,70.5,1.0367
4,0.5,71.0,1.0394
4,0.5,71.4,1.0431
4,0.5,72.0,1.0463
4,0.5,72.5,1.0479
4,0.5,72.9,1.0506
4,0.5,73.4,1.0533
4,0.5,73.9,1.0555
4,0.5,74.4,1.0566
4,0.5,74.9,1.0588
4,0.5,75.4,1.0616
4,0.5,75.9,1.0632
4,0.5,76.4,1.0644
4,0.5,76.9,1.066
4,0.5,77.4,1.0683
4,0.5,77.8,1.0688
4,0.5,78.4,1.0705
4,0.5,78.8,1.0722
4,0.5,79.3,1.0728
4,0.5,79.9,1.0734
4,0.5,80.3,1.0751
4,0.5,80.9,1.0763
4,0.5,81.4,1.0768
4,0.5,81.8,1.078
4,0.5,82.3,1.0786
4,0.5,82.8,1.0797
4,0.5,83.3,1.0803
4,0.5,83.8,1.0809
4,0.5,84.3,1.0826
4,0.5,84.8,1.0838
4,0.5,85.3,1.0838
4,0.5,85.8,1.0844
4,0.5,86.3,1.0844
4,0.5,86.8,1.0855
4,0.5,87.2,1.0861
4,0.5,87.8,1.0861
4,0.5,88.2,1.0867
4,0.5,88.8,1.0885
4,0.5,89.5,1.0873
7,1.0,10.6,0.8645
7,1.0,10.8,0.8554
7,1.0,11.4,0.8244
7,1.0,11.9,0.8019
7,1.0,12.4,0.7994
7,1.0,12.8,0.7991
7,1.0,13.3,0.7997
7,1.0,13.8,0.8
7,1.0,14.3,0.8013
7,1.0,14.9,0.8016
7,1.0,15.3,0.8025
7,1.0,15.8,0.8031
7,1.0,16.3,0.8043
7,1.0,16.8,0.8049
7,1.0,17.3,0.8052
7,1.0,17.8,0.8059
7,1.0,18.3,0.8065
7,1.0,18.9,0.8068
7,1.0,19.4,0.8074
7,1.0,19.9,0.808
7,1.0,20.4,0.8086
7,1.0,20.9,0.8093
7,1.0,21.4,0.8099
7,1.0,21.9,0.8102
7,1.0,22.4,0.8105
7,1.0,22.9,0.8114
7,1.0,23.4,0.8118
7,1.0,23.9,0.8124
7,1.0,24.4,0.813
7,1.0,24.9,0.8133
7,1.0,25.4,0.8136
7,1.0,25.8,0.814
7,1.0,26.3,0.8146
7,1.0,26.7,0.8146
7,1.0,27.1,0.8152
7,1.0,27.6,0.8158
7,1.0,28.1,0.8158
7,1.0,28.4,0.8165
7,1.0,28.9,0.8165
7,1.0,29.5,0.8168
7,1.0,30.0,0.8171
7,1.0,30.4,0.8174
7,1.0,30.9,0.8181
7,1.0,31.4,0.8187
7,1.0,31.9,0.819
7,1.0,32.4,0.82
7,1.0,32.9,0.8206
7,1.0,33.3,0.8206
7,1.0,33.9,0.8206
7,1.0,34.4,0.8209
7,1.0,34.9,0.8212
7,1.0,35.4,0.8216
7,1.0,35.8,0.8222
7,1.0,36.3,0.8225
7,1.0,36.8,0.8232
7,1.0,37.3,0.8232
7,1.0,37.7,0.8238
7,1.0,38.2,0.8241
7,1.0,38.7,0.8251
7,1.0,39.2,0.8251
7,1.0,39.7,0.8257
7,1.0,40.2,0.8264
7,1.0,40.6,0.827
7,1.0,41.1,0.8277
7,1.0,41.7,0.8283
7,1.0,42.2,0.829
7,1.0,42.7,0.8293
7,1.0,43.1,0.8303
7,1.0,43.7,0.8306
7,1.0,44.1,0.8312
7,1.0,44.7,0.8322
7,1.0,45.1,0.8332
7,1.0,45.6,0.8339
7,1.0,46.1,0.8352
7,1.0,46.6,0.8358
7,1.0,47.1,0.8372
7,1.0,47.6,0.8385
7,1.0,48.1,0.8395
7,1.0,48.6,0.8405
7,1.0,49.1,0.8422
7,1.0,49.6,0.8435
7,1.0,50.1,0.8445
7,1.0,50.6,0.8465
7,1.0,51.1,0.8476
7,1.0,51.6,0.8499
7,1.0,52.1,0.8517
7,1.0,52.6,0.8537
7,1.0,53.1,0.8561
7,1.0,53.6,0.8579
7,1.0,54.1,0.8603
7,1.0,54.6,0.8631
7,1.0,55.1,0.8652
7,1.0,55.5,0.8684
7,1.0,56.1,0.8709
7,1.0,56.6,0.8741
7,1.0,57.1,0.877
7,1.0,57.5,0.8803
7,1.0,58.1,0.884
7,1.0,58.6,0.8877
7,1.0,59.1,0.8907
7,1.0,59.5,0.8948
7,1.0,60.0,0.8986
7,1.0,60.5,0.9028
7,1.0,61.0,0.9063
7,1.0,61.5,0.9114
7,1.0,62.0,0.9154
7,1.0,62.6,0.9197
7,1.0,63.1,0.9242
7,1.0,63.5,0.9291
7,1.0,64.1,0.9323
7,1.0,64.5,0.9373
7,1.0,65.1,0.9419
7,1.0,65.5,0.9466
7,1.0,66.0,0.9509
7,1.0,66.5,0.9548
7,1.0,67.0,0.9596
7,1.0,67.6,0.964
7,1.0,68.0,0.9684
7,1.0,68.5,0.9716
7,1.0,69.0,0.9766
7,1.0,69.4,0.9793
7,1.0,69.9,0.9821
7,1.0,70.5,0.984
7,1.0,71.0,0.9872
7,1.0,71.4,0.99
7,1.0,72.0,0.9938
7,1.0,72.5,0.9957
7,1.0,72.9,0.9996
7,1.0,73.4,1.0025
7,1.0,73.9,1.0044
7,1.0,74.4,1.0064
7,1.0,74.9,1.0078
7,1.0,75.4,1.0093
7,1.0,75.9,1.0088
7,1.0,76.4,1.0108
7,1.0,76.9,1.0128
7,1.0,77.4,1.0148
7,1.0,77.8,1.0158
7,1.0,78.4,1.0178
7,1.0,78.8,1.0203
7,1.0,79.3,1.0218
7,1.0,79.9,1.0243
7,1.0,80.3,1.0254
7,1.0,80.9,1.0259
7,1.0,81.4,1.0264
7,1.0,81.8,1.0274
7,1.0,82.3,1.0284
7,1.0,82.8,1.0295
7,1.0,83.3,1.031
7,1.0,83.8,1.0326
7,1.0,84.3,1.0341
7,1.0,84.8,1.0362
7,1.0,85.3,1.0373
7,1.0,85.8,1.0394
7,1.0,86.3,1.0404
7,1.0,86.8,1.0426
7,1.0,87.2,1.0441
7,1.0,87.8,1.0452
7,1.0,88.2,1.0436
7,1.0,88.8,1.042
7,1.0,89.5,1.0426
2,0.1,10.3,0.3978
2,0.1,10.6,0.3998
2,0.1,11.1,0.3966
2,0.1,11.6,0.3962
2,0.1,12.1,0.3961
2,0.1,12.6,0.3962
2,0.1,13.1,0.3964
2,0.1,13.6,0.3966
2,0.1,14.1,0.3967
2,0.1,14.6,0.397
2,0.1,15.1,0.3975
2,0.1,15.6,0.3978
2,0.1,16.1,0.3983
2,0.1,16.6,0.3988
2,0.1,17.1,0.3993
2,0.1,17.6,0.3995
2,0.1,18.1,0.4001
2,0.1,18.6,0.4005
2,0.1,19.1,0.4009
2,0.1,19.6,0.4014
2,0.1,20.1,0.4018
2,0.1,20.6,0.4022
2,0.1,21.1,0.4028
2,0.1,21.6,0.4031
2,0.1,22.1,0.4036
2,0.1,22.6,0.404
2,0.1,23.1,0.4045
2,0.1,23.7,0.4048
2,0.1,24.1,0.4053
2,0.1,24.7,0.4055
2,0.1,25.1,0.406
2,0.1,25.5,0.4064
2,0.1,26.0,0.4068
2,0.1,26.5,0.407
2,0.1,27.0,0.4074
2,0.1,27.3,0.4078
2,0.1,27.9,0.4081
2,0.1,28.4,0.4085
2,0.1,28.9,0.4087
2,0.1,29.3,0.409
2,0.1,29.8,0.4095
2,0.1,30.3,0.4097
2,0.1,30.8,0.41
2,0.1,31.3,0.4105
2,0.1,31.8,0.4106
2,0.1,32.3,0.4109
2,0.1,32.8,0.4111
2,0.1,33.3,0.4114
2,0.1,33.8,0.4116
2,0.1,34.3,0.4117
2,0.1,34.8,0.4119
2,0.1,35.2,0.412
2,0.1,35.8,0.4124
2,0.1,36.3,0.4126
2,0.1,36.8,0.4126
2,0.1,37.2,0.413
2,0.1,37.6,0.4131
2,0.1,38.1,0.4134
2,0.1,38.7,0.4138
2,0.1,39.1,0.4139
2,0.1,39.6,0.4141
2,0.1,40.1,0.4143
2,0.1,40.6,0.4146
2,0.1,41.1,0.4149
2,0.1,41.6,0.4153
2,0.1,42.1,0.4154
2,0.1,42.6,0.4155
2,0.1,43.1,0.4158
2,0.1,43.6,0.4159
2,0.1,44.1,0.4163
2,0.1,44.6,0.4165
2,0.1,45.1,0.4168
2,0.1,45.6,0.4168
2,0.1,46.1,0.4172
2,0.1,46.6,0.4174
2,0.1,47.0,0.4178
2,0.1,47.6,0.4181
2,0.1,48.1,0.4182
2,0.1,48.5,0.4184
2,0.1,49.1,0.4188
2,0.1,49.6,0.4193
2,0.1,50.0,0.4198
2,0.1,50.6,0.4205
2,0.1,51.0,0.4212
2,0.1,51.6,0.4223
2,0.1,52.0,0.4233
2,0.1,52.5,0.4245
2,0.1,53.0,0.4254
2,0.1,53.5,0.4269
2,0.1,54.1,0.4278
2,0.1,54.5,0.4292
2,0.1,55.0,0.4309
2,0.1,55.5,0.4321
2,0.1,56.0,0.434
2,0.1,56.6,0.4356
2,0.1,57.0,0.4371
2,0.1,57.5,0.439
2,0.1,58.0,0.4406
2,0.1,58.5,0.4426
2,0.1,59.0,0.4445
2,0.1,59.5,0.4465
2,0.1,60.0,0.4483
2,0.1,60.5,0.4506
2,0.1,61.0,0.453
2,0.1,61.5,0.4554
2,0.1,62.0,0.4577
2,0.1,62.5,0.4598
2,0.1,62.9,0.4623
2,0.1,63.5,0.464
2,0.1,63.9,0.4668
2,0.1,64.4,0.4682
2,0.1,65.0,0.4704
2,0.1,65.4,0.4724
2,0.1,66.1,0.474
2,0.1,66.4,0.476
2,0.1,66.9,0.4776
2,0.1,67.4,0.4798
2,0.1,68.0,0.4808
2,0.1,68.4,0.483
2,0.1,68.9,0.4848
2,0.1,69.4,0.4861
2,0.1,69.9,0.4875
2,0.1,70.4,0.489
2,0.1,70.9,0.4903
2,0.1,71.4,0.4914
2,0.1,72.1,0.4926
2,0.1,72.4,0.4936
2,0.1,72.9,0.495
2,0.1,73.4,0.4964
2,0.1,73.9,0.4976
2,0.1,74.5,0.4982
2,0.1,74.9,0.4991
2,0.1,75.4,0.5
2,0.1,75.9,0.501
2,0.1,76.4,0.5014
2,0.1,77.0,0.502
2,0.1,77.3,0.5027
2,0.1,77.9,0.5034
2,0.1,78.3,0.5039
2,0.1,78.8,0.5045
2,0.1,79.2,0.5051
2,0.1,79.9,0.5054
2,0.1,80.3,0.5058
2,0.1,80.9,0.5064
2,0.1,81.4,0.507
2,0.1,81.9,0.5072
2,0.1,82.3,0.5076
2,0.1,82.8,0.5078
2,0.1,83.3,0.5082
2,0.1,83.8,0.5087
2,0.1,84.3,0.5089
2,0.1,84.8,0.5093
2,0.1,85.3,0.5098
2,0.1,85.8,0.5101
2,0.1,86.2,0.51
2,0.1,86.8,0.5104
2,0.1,87.4,0.5106
2,0.1,87.8,0.5109
2,0.1,88.3,0.5111
2,0.1,88.6,0.5114
2,0.1,89.3,0.5117
5,0.5,10.3,0.535
5,0.5,10.6,0.5353
5,0.5,11.1,0.5353
5,0.5,11.6,0.5355
5,0.5,12.1,0.535
5,0.5,12.6,0.5353
5,0.5,13.1,0.5358
5,0.5,13.6,0.5362
5,0.5,14.1,0.5367
5,0.5,14.6,0.5368
5,0.5,15.1,0.5374
5,0.5,15.6,0.5379
5,0.5,16.1,0.5384
5,0.5,16.6,0.5385
5,0.5,17.1,0.5392
5,0.5,17.6,0.5397
5,0.5,18.1,0.54
5,0.5,18.6,0.5402
5,0.5,19.1,0.5409
5,0.5,19.6,0.5412
5,0.5,20.1,0.5417
5,0.5,20.6,0.5422
5,0.5,21.1,0.5426
5,0.5,21.6,0.5429
5,0.5,22.1,0.5432
5,0.5,22.6,0.5436
5,0.5,23.1,0.5441
5,0.5,23.7,0.5444
5,0.5,24.1,0.5446
5,0.5,24.7,0.5451
5,0.5,25.1,0.5455
5,0.5,25.5,0.5456
5,0.5,26.0,0.546
5,0.5,26.5,0.5463
5,0.5,27.0,0.5466
5,0.5,27.3,0.5468
5,0.5,27.9,0.5473
5,0.5,28.4,0.5477
5,0.5,28.9,0.548
5,0.5,29.3,0.5482
5,0.5,29.8,0.5484
5,0.5,30.3,0.5485
5,0.5,30.8,0.5492
5,0.5,31.3,0.5494
5,0.5,31.8,0.5496
5,0.5,32.3,0.5501
5,0.5,32.8,0.5503
5,0.5,33.3,0.5506
5,0.5,33.8,0.5508
5,0.5,34.3,0.5511
5,0.5,34.8,0.5513
5,0.5,35.2,0.5518
5,0.5,35.8,0.552
5,0.5,36.3,0.5523
5,0.5,36.8,0.5527
5,0.5,37.2,0.5527
5,0.5,37.6,0.553
5,0.5,38.1,0.5535
5,0.5,38.7,0.5539
5,0.5,39.1,0.5541
5,0.5,39.6,0.5548
5,0.5,40.1,0.5549
5,0.5,40.6,0.5554
5,0.5,41.1,0.556
5,0.5,41.6,0.556
5,0.5,42.1,0.556
5,0.5,42.6,0.5549
5,0.5,43.1,0.5546
5,0.5,43.6,0.5549
5,0.5,44.1,0.5553
5,0.5,44.6,0.5561
5,0.5,45.1,0.5563
5,0.5,45.6,0.557
5,0.5,46.1,0.5577
5,0.5,46.6,0.5582
5,0.5,47.0,0.559
5,0.5,47.6,0.5598
5,0.5,48.1,0.5605
5,0.5,48.5,0.5614
5,0.5,49.1,0.5619
5,0.5,49.6,0.563
5,0.5,50.0,0.5643
5,0.5,50.6,0.5648
5,0.5,51.0,0.5662
5,0.5,51.6,0.5671
5,0.5,52.0,0.5684
5,0.5,52.5,0.5696
5,0.5,53.0,0.5711
5,0.5,53.5,0.5727
5,0.5,54.1,0.5742
5,0.5,54.5,0.5756
5,0.5,55.0,0.5773
5,0.5,55.5,0.5787
5,0.5,56.0,0.5808
5,0.5,56.6,0.5826
5,0.5,57.0,0.5847
5,0.5,57.5,0.5867
5,0.5,58.0,0.5886
5,0.5,58.5,0.591
5,0.5,59.0,0.5931
5,0.5,59.5,0.5956
5,0.5,60.0,0.5981
5,0.5,60.5,0.6006
5,0.5,61.0,0.6029
5,0.5,61.5,0.6055
5,0.5,62.0,0.6082
5,0.5,62.5,0.6106
5,0.5,62.9,0.6134
5,0.5,63.5,0.6162
5,0.5,63.9,0.6188
5,0.5,64.4,0.6216
5,0.5,65.0,0.6243
5,0.5,65.4,0.6267
5,0.5,66.1,0.6294
5,0.5,66.4,0.6319
5,0.5,66.9,0.6344
5,0.5,67.4,0.6371
5,0.5,68.0,0.6396
5,0.5,68.4,0.6418
5,0.5,68.9,0.6439
5,0.5,69.4,0.6467
5,0.5,69.9,0.6482
5,0.5,70.4,0.6506
5,0.5,70.9,0.6523
5,0.5,71.4,0.6547
5,0.5,72.1,0.6565
5,0.5,72.4,0.6582
5,0.5,72.9,0.66
5,0.5,73.4,0.6616
5,0.5,73.9,0.6634
5,0.5,74.5,0.6645
5,0.5,74.9,0.6658
5,0.5,75.4,0.6672
5,0.5,75.9,0.6685
5,0.5,76.4,0.6699
5,0.5,77.0,0.671
5,0.5,77.3,0.6719
5,0.5,77.9,0.6731
5,0.5,78.3,0.6742
5,0.5,78.8,0.6754
5,0.5,79.2,0.6763
5,0.5,79.9,0.677
5,0.5,80.3,0.6779
5,0.5,80.9,0.6788
5,0.5,81.4,0.6795
5,0.5,81.9,0.6804
5,0.5,82.3,0.6809
5,0.5,82.8,0.6816
5,0.5,83.3,0.6825
5,0.5,83.8,0.6835
5,0.5,84.3,0.6842
5,0.5,84.8,0.6847
5,0.5,85.3,0.6851
5,0.5,85.8,0.6858
5,0.5,86.2,0.6863
5,0.5,86.8,0.6872
5,0.5,87.4,0.6875
5,0.5,87.8,0.6882
5,0.5,88.3,0.6887
5,0.5,88.6,0.6891
5,0.5,89.3,0.6896
8,1.0,10.3,0.4958
8,1.0,10.6,0.4959
8,1.0,11.1,0.4961
8,1.0,11.6,0.4967
8,1.0,12.1,0.4967
8,1.0,12.6,0.4968
8,1.0,13.1,0.4971
8,1.0,13.6,0.4974
8,1.0,14.1,0.4977
8,1.0,14.6,0.4982
8,1.0,15.1,0.4984
8,1.0,15.6,0.4988
8,1.0,16.1,0.4993
8,1.0,16.6,0.4994
8,1.0,17.1,0.4999
8,1.0,17.6,0.5
8,1.0,18.1,0.5002
8,1.0,18.6,0.5005
8,1.0,19.1,0.501
8,1.0,19.6,0.5013
8,1.0,20.1,0.5016
8,1.0,20.6,0.5022
8,1.0,21.1,0.5025
8,1.0,21.6,0.5027
8,1.0,22.1,0.503
8,1.0,22.6,0.5033
8,1.0,23.1,0.5034
8,1.0,23.7,0.5039
8,1.0,24.1,0.5044
8,1.0,24.7,0.5048
8,1.0,25.1,0.5047
8,1.0,25.5,0.5045
8,1.0,26.0,0.5051
8,1.0,26.5,0.5051
8,1.0,27.0,0.5053
8,1.0,27.3,0.5054
8,1.0,27.9,0.5059
8,1.0,28.4,0.5062
8,1.0,28.9,0.5062
8,1.0,29.3,0.5065
8,1.0,29.8,0.507
8,1.0,30.3,0.5068
8,1.0,30.8,0.5072
8,1.0,31.3,0.5073
8,1.0,31.8,0.5073
8,1.0,32.3,0.5076
8,1.0,32.8,0.5079
8,1.0,33.3,0.5081
8,1.0,33.8,0.5086
8,1.0,34.3,0.5086
8,1.0,34.8,0.5087
8,1.0,35.2,0.509
8,1.0,35.8,0.5092
8,1.0,36.3,0.5095
8,1.0,36.8,0.5095
8,1.0,37.2,0.5098
8,1.0,37.6,0.5101
8,1.0,38.1,0.5106
8,1.0,38.7,0.5106
8,1.0,39.1,0.5109
8,1.0,39.6,0.5111
8,1.0,40.1,0.5115
8,1.0,40.6,0.512
8,1.0,41.1,0.5123
8,1.0,41.6,0.5128
8,1.0,42.1,0.5128
8,1.0,42.6,0.5133
8,1.0,43.1,0.5136
8,1.0,43.6,0.5141
8,1.0,44.1,0.5144
8,1.0,44.6,0.515
8,1.0,45.1,0.5155
8,1.0,45.6,0.516
8,1.0,46.1,0.5165
8,1.0,46.6,0.5171
8,1.0,47.0,0.5177
8,1.0,47.6,0.5184
8,1.0,48.1,0.5187
8,1.0,48.5,0.5197
8,1.0,49.1,0.5201
8,1.0,49.6,0.5211
8,1.0,50.0,0.5216
8,1.0,50.6,0.5224
8,1.0,51.0,0.5235
8,1.0,51.6,0.5242
8,1.0,52.0,0.5253
8,1.0,52.5,0.5265
8,1.0,53.0,0.5276
8,1.0,53.5,0.5286
8,1.0,54.1,0.5299
8,1.0,54.5,0.5312
8,1.0,55.0,0.5327
8,1.0,55.5,0.5339
8,1.0,56.0,0.5357
8,1.0,56.6,0.537
8,1.0,57.0,0.5389
8,1.0,57.5,0.5407
8,1.0,58.0,0.5426
8,1.0,58.5,0.5444
8,1.0,59.0,0.5465
8,1.0,59.5,0.5485
8,1.0,60.0,0.5504
8,1.0,60.5,0.5528
8,1.0,61.0,0.5548
8,1.0,61.5,0.5572
8,1.0,62.0,0.5597
8,1.0,62.5,0.5614
8,1.0,62.9,0.5639
8,1.0,63.5,0.5662
8,1.0,63.9,0.5687
8,1.0,64.4,0.5711
8,1.0,65.0,0.5738
8,1.0,65.4,0.5763
8,1.0,66.1,0.5785
8,1.0,66.4,0.5811
8,1.0,66.9,0.5824
8,1.0,67.4,0.5848
8,1.0,68.0,0.5865
8,1.0,68.4,0.5886
8,1.0,68.9,0.5909
8,1.0,69.4,0.5929
8,1.0,69.9,0.5947
8,1.0,70.4,0.5966
8,1.0,70.9,0.5983
8,1.0,71.4,0.6002
8,1.0,72.1,0.602
8,1.0,72.4,0.6037
8,1.0,72.9,0.6053
8,1.0,73.4,0.6066
8,1.0,73.9,0.6082
8,1.0,74.5,0.6094
8,1.0,74.9,0.6104
8,1.0,75.4,0.6118
8,1.0,75.9,0.613
8,1.0,76.4,0.6138
8,1.0,77.0,0.6148
8,1.0,77.3,0.6158
8,1.0,77.9,0.617
8,1.0,78.3,0.6178
8,1.0,78.8,0.6186
8,1.0,79.2,0.6194
8,1.0,79.9,0.6202
8,1.0,80.3,0.621
8,1.0,80.9,0.6216
8,1.0,81.4,0.6222
8,1.0,81.9,0.6226
8,1.0,82.3,0.6234
8,1.0,82.8,0.6239
8,1.0,83.3,0.6243
8,1.0,83.8,0.6249
8,1.0,84.3,0.6253
8,1.0,84.8,0.6257
8,1.0,85.3,0.6261
8,1.0,85.8,0.6265
8,1.0,86.2,0.6265
8,1.0,86.8,0.6271
8,1.0,87.4,0.6271
8,1.0,87.8,0.6277
8,1.0,88.3,0.628
8,1.0,88.6,0.6286
8,1.0,89.3,0.629
3,0.1,10.3,0.242
3,0.1,10.6,0.2421
3,0.1,11.1,0.2418
3,0.1,11.6,0.2416
3,0.1,12.1,0.2415
3,0.1,12.6,0.2415
3,0.1,13.1,0.2413
3,0.1,13.6,0.2412
3,0.1,14.1,0.2413
3,0.1,14.6,0.2411
3,0.1,15.1,0.2411
3,0.1,15.6,0.2411
3,0.1,16.1,0.2413
3,0.1,16.6,0.2412
3,0.1,17.1,0.2414
3,0.1,17.6,0.2415
3,0.1,18.1,0.2416
3,0.1,18.7,0.2416
3,0.1,19.1,0.2418
3,0.1,19.7,0.2416
3,0.1,20.2,0.2417
3,0.1,20.7,0.242
3,0.1,21.2,0.242
3,0.1,21.7,0.2421
3,0.1,22.2,0.2423
3,0.1,22.7,0.2423
3,0.1,23.2,0.2425
3,0.1,23.7,0.2427
3,0.1,24.2,0.2427
3,0.1,24.7,0.2428
3,0.1,25.3,0.2428
3,0.1,25.6,0.2429
3,0.1,26.1,0.2432
3,0.1,26.5,0.2433
3,0.1,27.0,0.2434
3,0.1,27.4,0.2435
3,0.1,27.9,0.2436
3,0.1,28.4,0.2438
3,0.1,28.9,0.2438
3,0.1,29.4,0.2438
3,0.1,29.9,0.2439
3,0.1,30.3,0.2439
3,0.1,30.9,0.2437
3,0.1,31.4,0.2435
3,0.1,31.9,0.2432
3,0.1,32.3,0.2429
3,0.1,32.8,0.2429
3,0.1,33.3,0.2425
3,0.1,33.8,0.2425
3,0.1,34.3,0.2426
3,0.1,34.8,0.2426
3,0.1,35.3,0.2425
3,0.1,35.8,0.2427
3,0.1,36.3,0.243
3,0.1,36.8,0.2432
3,0.1,37.3,0.2436
3,0.1,37.6,0.2438
3,0.1,38.2,0.2442
3,0.1,38.7,0.2445
3,0.1,39.2,0.2449
3,0.1,39.7,0.2452
3,0.1,40.1,0.2456
3,0.1,40.6,0.246
3,0.1,41.2,0.2463
3,0.1,41.6,0.2469
3,0.1,42.1,0.2472
3,0.1,42.6,0.2477
3,0.1,43.1,0.2482
3,0.1,43.6,0.2484
3,0.1,44.1,0.249
3,0.1,44.6,0.2493
3,0.1,45.1,0.2497
3,0.1,45.6,0.2501
3,0.1,46.1,0.2505
3,0.1,46.6,0.2509
3,0.1,47.1,0.2512
3,0.1,47.6,0.2515
3,0.1,48.1,0.2518
3,0.1,48.6,0.2521
3,0.1,49.1,0.2527
3,0.1,49.6,0.2528
3,0.1,50.1,0.2535
3,0.1,50.6,0.254
3,0.1,51.0,0.2545
3,0.1,51.6,0.255
3,0.1,52.0,0.2555
3,0.1,52.6,0.2562
3,0.1,53.1,0.257
3,0.1,53.5,0.2575
3,0.1,54.1,0.2583
3,0.1,54.5,0.2591
3,0.1,55.0,0.26
3,0.1,55.5,0.2607
3,0.1,56.0,0.2618
3,0.1,56.6,0.2628
3,0.1,57.0,0.2637
3,0.1,57.5,0.2649
3,0.1,58.0,0.2659
3,0.1,58.5,0.2671
3,0.1,59.0,0.2682
3,0.1,59.5,0.2694
3,0.1,60.0,0.2707
3,0.1,60.5,0.2721
3,0.1,61.0,0.2731
3,0.1,61.4,0.2745
3,0.1,62.0,0.2761
3,0.1,62.5,0.2771
3,0.1,63.0,0.2786
3,0.1,63.5,0.28
3,0.1,64.0,0.2812
3,0.1,64.5,0.2824
3,0.1,65.0,0.2837
3,0.1,65.5,0.2852
3,0.1,65.9,0.286
3,0.1,66.4,0.2875
3,0.1,67.0,0.2889
3,0.1,67.4,0.29
3,0.1,67.9,0.2909
3,0.1,68.4,0.2918
3,0.1,68.9,0.293
3,0.1,69.4,0.2941
3,0.1,69.9,0.2949
3,0.1,70.4,0.2958
3,0.1,70.9,0.2969
3,0.1,71.4,0.2977
3,0.1,72.0,0.2982
3,0.1,72.4,0.2991
3,0.1,72.9,0.2996
3,0.1,73.4,0.3004
3,0.1,73.8,0.3012
3,0.1,74.3,0.3017
3,0.1,74.8,0.3024
3,0.1,75.3,0.3029
3,0.1,75.8,0.3035
3,0.1,76.3,0.3041
3,0.1,76.8,0.3046
3,0.1,77.3,0.3049
3,0.1,77.8,0.3055
3,0.1,78.2,0.306
3,0.1,78.8,0.3064
3,0.1,79.5,0.3069
3,0.1,79.8,0.3073
3,0.1,80.3,0.3077
3,0.1,80.8,0.3081
3,0.1,81.3,0.3084
3,0.1,81.8,0.309
3,0.1,82.5,0.3093
3,0.1,82.9,0.3096
3,0.1,83.2,0.31
3,0.1,83.9,0.3103
3,0.1,84.2,0.3107
3,0.1,84.7,0.3111
3,0.1,85.2,0.3115
3,0.1,85.8,0.3116
3,0.1,86.3,0.3121
3,0.1,86.7,0.3124
3,0.1,87.2,0.3126
3,0.1,87.7,0.3132
3,0.1,88.2,0.3132
3,0.1,88.6,0.3137
3,0.1,89.4,0.3138
6,0.5,10.3,0.3432
6,0.5,10.6,0.3436
6,0.5,11.1,0.3438
6,0.5,11.6,0.344
6,0.5,12.1,0.3442
6,0.5,12.6,0.3444
6,0.5,13.1,0.3447
6,0.5,13.6,0.3449
6,0.5,14.1,0.3452
6,0.5,14.6,0.3457
6,0.5,15.1,0.346
6,0.5,15.6,0.3462
6,0.5,16.1,0.3464
6,0.5,16.6,0.3468
6,0.5,17.1,0.3469
6,0.5,17.6,0.347
6,0.5,18.1,0.3472
6,0.5,18.7,0.3475
6,0.5,19.1,0.3477
6,0.5,19.7,0.3481
6,0.5,20.2,0.3483
6,0.5,20.7,0.3485
6,0.5,21.2,0.349
6,0.5,21.7,0.3493
6,0.5,22.2,0.3495
6,0.5,22.7,0.3496
6,0.5,23.2,0.3499
6,0.5,23.7,0.3501
6,0.5,24.2,0.3502
6,0.5,24.7,0.3506
6,0.5,25.3,0.3507
6,0.5,25.6,0.3509
6,0.5,26.1,0.351
6,0.5,26.5,0.3514
6,0.5,27.0,0.3516
6,0.5,27.4,0.3519
6,0.5,27.9,0.3521
6,0.5,28.4,0.3524
6,0.5,28.9,0.3525
6,0.5,29.4,0.3526
6,0.5,29.9,0.3527
6,0.5,30.3,0.3532
6,0.5,30.9,0.3536
6,0.5,31.4,0.3538
6,0.5,31.9,0.3539
6,0.5,32.3,0.3541
6,0.5,32.8,0.3544
6,0.5,33.3,0.3545
6,0.5,33.8,0.3546
6,0.5,34.3,0.3548
6,0.5,34.8,0.3551
6,0.5,35.3,0.3552
6,0.5,35.8,0.3554
6,0.5,36.3,0.3555
6,0.5,36.8,0.3558
6,0.5,37.3,0.356
6,0.5,37.6,0.3562
6,0.5,38.2,0.3565
6,0.5,38.7,0.3567
6,0.5,39.2,0.3569
6,0.5,39.7,0.3571
6,0.5,40.1,0.3577
6,0.5,40.6,0.3577
6,0.5,41.2,0.3581
6,0.5,41.6,0.3589
6,0.5,42.1,0.3583
6,0.5,42.6,0.3588
6,0.5,43.1,0.3591
6,0.5,43.6,0.3592
6,0.5,44.1,0.3599
6,0.5,44.6,0.3601
6,0.5,45.1,0.3605
6,0.5,45.6,0.3609
6,0.5,46.1,0.3613
6,0.5,46.6,0.3618
6,0.5,47.1,0.3622
6,0.5,47.6,0.3627
6,0.5,48.1,0.3632
6,0.5,48.6,0.3639
6,0.5,49.1,0.3644
6,0.5,49.6,0.3648
6,0.5,50.1,0.3655
6,0.5,50.6,0.3662
6,0.5,51.0,0.3669
6,0.5,51.6,0.3677
6,0.5,52.0,0.3686
6,0.5,52.6,0.3694
6,0.5,53.1,0.3703
6,0.5,53.5,0.3711
6,0.5,54.1,0.372
6,0.5,54.5,0.3733
6,0.5,55.0,0.3743
6,0.5,55.5,0.3753
6,0.5,56.0,0.3764
6,0.5,56.6,0.3781
6,0.5,57.0,0.3791
6,0.5,57.5,0.3806
6,0.5,58.0,0.3819
6,0.5,58.5,0.3832
6,0.5,59.0,0.3851
6,0.5,59.5,0.3866
6,0.5,60.0,0.388
6,0.5,60.5,0.3899
6,0.5,61.0,0.3912
6,0.5,61.4,0.393
6,0.5,62.0,0.3946
6,0.5,62.5,0.3965
6,0.5,63.0,0.3982
6,0.5,63.5,0.4001
6,0.5,64.0,0.4021
6,0.5,64.5,0.4037
6,0.5,65.0,0.4053
6,0.5,65.5,0.4073
6,0.5,65.9,0.4087
6,0.5,66.4,0.4106
6,0.5,67.0,0.4122
6,0.5,67.4,0.4141
6,0.5,67.9,0.4155
6,0.5,68.4,0.417
6,0.5,68.9,0.4184
6,0.5,69.4,0.4202
6,0.5,69.9,0.4215
6,0.5,70.4,0.4225
6,0.5,70.9,0.4241
6,0.5,71.4,0.4252
6,0.5,72.0,0.4263
6,0.5,72.4,0.4274
6,0.5,72.9,0.4285
6,0.5,73.4,0.4298
6,0.5,73.8,0.4306
6,0.5,74.3,0.4315
6,0.5,74.8,0.4325
6,0.5,75.3,0.4334
6,0.5,75.8,0.4342
6,0.5,76.3,0.4352
6,0.5,76.8,0.4357
6,0.5,77.3,0.4364
6,0.5,77.8,0.4372
6,0.5,78.2,0.4377
6,0.5,78.8,0.4385
6,0.5,79.5,0.4391
6,0.5,79.8,0.4396
6,0.5,80.3,0.4401
6,0.5,80.8,0.4407
6,0.5,81.3,0.4412
6,0.5,81.8,0.4417
6,0.5,82.5,0.4421
6,0.5,82.9,0.4424
6,0.5,83.2,0.4432
6,0.5,83.9,0.4435
6,0.5,84.2,0.444
6,0.5,84.7,0.4443
6,0.5,85.2,0.4448
6,0.5,85.8,0.4449
6,0.5,86.3,0.4455
6,0.5,86.7,0.4458
6,0.5,87.2,0.4459
6,0.5,87.7,0.4464
6,0.5,88.2,0.4466
6,0.5,88.6,0.4468
6,0.5,89.4,0.4471
9,1.0,10.3,0.3313
9,1.0,10.6,0.3316
9,1.0,11.1,0.3316
9,1.0,11.6,0.3318
9,1.0,12.1,0.3319
9,1.0,12.6,0.3318
9,1.0,13.1,0.3322
9,1.0,13.6,0.3322
9,1.0,14.1,0.3322
9,1.0,14.6,0.3325
9,1.0,15.1,0.3328
9,1.0,15.6,0.3329
9,1.0,16.1,0.3331
9,1.0,16.6,0.3333
9,1.0,17.1,0.3335
9,1.0,17.6,0.3339
9,1.0,18.1,0.3339
9,1.0,18.7,0.3343
9,1.0,19.1,0.3345
9,1.0,19.7,0.3348
9,1.0,20.2,0.3349
9,1.0,20.7,0.3352
9,1.0,21.2,0.3353
9,1.0,21.7,0.3356
9,1.0,22.2,0.3358
9,1.0,22.7,0.336
9,1.0,23.2,0.3363
9,1.0,23.7,0.3366
9,1.0,24.2,0.3367
9,1.0,24.7,0.3366
9,1.0,25.3,0.3369
9,1.0,25.6,0.3371
9,1.0,26.1,0.3368
9,1.0,26.5,0.3369
9,1.0,27.0,0.337
9,1.0,27.4,0.3371
9,1.0,27.9,0.3371
9,1.0,28.4,0.3373
9,1.0,28.9,0.3372
9,1.0,29.4,0.3374
9,1.0,29.9,0.3377
9,1.0,30.3,0.3378
9,1.0,30.9,0.3383
9,1.0,31.4,0.3386
9,1.0,31.9,0.3385
9,1.0,32.3,0.3388
9,1.0,32.8,0.3389
9,1.0,33.3,0.339
9,1.0,33.8,0.3392
9,1.0,34.3,0.3396
9,1.0,34.8,0.3395
9,1.0,35.3,0.3397
9,1.0,35.8,0.3399
9,1.0,36.3,0.3402
9,1.0,36.8,0.3404
9,1.0,37.3,0.3403
9,1.0,37.6,0.3407
9,1.0,38.2,0.3406
9,1.0,38.7,0.3408
9,1.0,39.2,0.341
9,1.0,39.7,0.3414
9,1.0,40.1,0.3417
9,1.0,40.6,0.3419
9,1.0,41.2,0.3419
9,1.0,41.6,0.3423
9,1.0,42.1,0.3426
9,1.0,42.6,0.3427
9,1.0,43.1,0.3431
9,1.0,43.6,0.3432
9,1.0,44.1,0.3436
9,1.0,44.6,0.3441
9,1.0,45.1,0.3443
9,1.0,45.6,0.3445
9,1.0,46.1,0.3448
9,1.0,46.6,0.3454
9,1.0,47.1,0.3458
9,1.0,47.6,0.3461
9,1.0,48.1,0.3466
9,1.0,48.6,0.3471
9,1.0,49.1,0.3473
9,1.0,49.6,0.3478
9,1.0,50.1,0.3484
9,1.0,50.6,0.349
9,1.0,51.0,0.3497
9,1.0,51.6,0.3504
9,1.0,52.0,0.3509
9,1.0,52.6,0.3516
9,1.0,53.1,0.3523
9,1.0,53.5,0.3532
9,1.0,54.1,0.3539
9,1.0,54.5,0.3549
9,1.0,55.0,0.3558
9,1.0,55.5,0.3569
9,1.0,56.0,0.3578
9,1.0,56.6,0.3588
9,1.0,57.0,0.36
9,1.0,57.5,0.3612
9,1.0,58.0,0.3623
9,1.0,58.5,0.3639
9,1.0,59.0,0.3649
9,1.0,59.5,0.3662
9,1.0,60.0,0.3677
9,1.0,60.5,0.3694
9,1.0,61.0,0.3705
9,1.0,61.4,0.3721
9,1.0,62.0,0.3736
9,1.0,62.5,0.3752
9,1.0,63.0,0.3771
9,1.0,63.5,0.3787
9,1.0,64.0,0.3798
9,1.0,64.5,0.3816
9,1.0,65.0,0.3831
9,1.0,65.5,0.385
9,1.0,65.9,0.3861
9,1.0,66.4,0.3878
9,1.0,67.0,0.3893
9,1.0,67.4,0.391
9,1.0,67.9,0.3921
9,1.0,68.4,0.3936
9,1.0,68.9,0.3949
9,1.0,69.4,0.3964
9,1.0,69.9,0.3977
9,1.0,70.4,0.3991
9,1.0,70.9,0.4001
9,1.0,71.4,0.4011
9,1.0,72.0,0.4023
9,1.0,72.4,0.4032
9,1.0,72.9,0.4042
9,1.0,73.4,0.4053
9,1.0,73.8,0.4063
9,1.0,74.3,0.407
9,1.0,74.8,0.4079
9,1.0,75.3,0.4082
9,1.0,75.8,0.4092
9,1.0,76.3,0.4097
9,1.0,76.8,0.4105
9,1.0,77.3,0.4111
9,1.0,77.8,0.4119
9,1.0,78.2,0.4124
9,1.0,78.8,0.4129
9,1.0,79.5,0.4135
9,1.0,79.8,0.4137
9,1.0,80.3,0.4145
9,1.0,80.8,0.4147
9,1.0,81.3,0.4154
9,1.0,81.8,0.4159
9,1.0,82.5,0.4163
9,1.0,82.9,0.4165
9,1.0,83.2,0.4168
9,1.0,83.9,0.4173
9,1.0,84.2,0.4174
9,1.0,84.7,0.4179
9,1.0,85.2,0.418
9,1.0,85.8,0.4183
9,1.0,86.3,0.4187
9,1.0,86.7,0.4189
9,1.0,87.2,0.419
9,1.0,87.7,0.4194
9,1.0,88.2,0.4195
9,1.0,88.6,0.4197
9,1.0,89.4,0.4198
10,0.1,10.1,0.232
10,0.1,10.4,0.2398
10,0.1,11.0,0.2357
10,0.1,11.4,0.2164
10,0.1,11.9,0.1831
10,0.1,12.4,0.1503
10,0.1,12.9,0.1391
10,0.1,13.4,0.1387
10,0.1,13.9,0.1386
10,0.1,14.4,0.1384
10,0.1,14.9,0.1387
10,0.1,15.4,0.1386
10,0.1,16.0,0.1388
10,0.1,16.5,0.139
10,0.1,17.0,0.139
10,0.1,17.5,0.1392
10,0.1,18.0,0.1394
10,0.1,18.5,0.1396
10,0.1,19.0,0.1396
10,0.1,19.5,0.1399
10,0.1,20.0,0.1399
10,0.1,20.5,0.1401
10,0.1,21.0,0.1404
10,0.1,21.5,0.1404
10,0.1,22.0,0.1406
10,0.1,22.5,0.1408
10,0.1,23.0,0.1409
10,0.1,23.5,0.1411
10,0.1,24.1,0.1413
10,0.1,24.5,0.1412
10,0.1,25.0,0.1414
10,0.1,25.5,0.1415
10,0.1,26.0,0.1417
10,0.1,26.4,0.1418
10,0.1,26.8,0.1419
10,0.1,27.3,0.142
10,0.1,27.9,0.1422
10,0.1,28.3,0.1424
10,0.1,28.8,0.1424
10,0.1,29.3,0.1427
10,0.1,29.8,0.1428
10,0.1,30.3,0.1429
10,0.1,30.8,0.143
10,0.1,31.3,0.1431
10,0.1,31.7,0.1434
10,0.1,32.3,0.1433
10,0.1,32.8,0.1434
10,0.1,33.3,0.1435
10,0.1,33.8,0.1435
10,0.1,34.2,0.1437
10,0.1,34.7,0.1437
10,0.1,35.3,0.1438
10,0.1,35.8,0.1438
10,0.1,36.2,0.1439
10,0.1,36.7,0.144
10,0.1,37.2,0.1442
10,0.1,37.6,0.1443
10,0.1,38.1,0.1445
10,0.1,38.7,0.1445
10,0.1,39.1,0.1447
10,0.1,39.6,0.1447
10,0.1,40.1,0.145
10,0.1,40.6,0.1452
10,0.1,41.1,0.1453
10,0.1,41.6,0.1455
10,0.1,42.1,0.1455
10,0.1,42.6,0.1456
10,0.1,43.1,0.1459
10,0.1,43.6,0.146
10,0.1,44.0,0.1463
10,0.1,44.6,0.1465
10,0.1,45.1,0.1465
10,0.1,45.5,0.1468
10,0.1,46.1,0.1472
10,0.1,46.5,0.1473
10,0.1,47.1,0.1476
10,0.1,47.5,0.1478
10,0.1,48.1,0.1481
10,0.1,48.5,0.1484
10,0.1,49.0,0.1488
10,0.1,49.6,0.1491
10,0.1,50.0,0.1495
10,0.1,50.5,0.1498
10,0.1,51.0,0.1503
10,0.1,51.6,0.1508
10,0.1,52.0,0.1513
10,0.1,52.5,0.1518
10,0.1,53.0,0.1523
10,0.1,53.5,0.1528
10,0.1,54.1,0.1535
10,0.1,54.5,0.154
10,0.1,55.0,0.1547
10,0.1,55.5,0.1555
10,0.1,56.0,0.1561
10,0.1,56.5,0.1567
10,0.1,57.0,0.1575
10,0.1,57.5,0.1585
10,0.1,57.9,0.1589
10,0.1,58.5,0.16
10,0.1,58.9,0.161
10,0.1,59.4,0.1616
10,0.1,60.0,0.1627
10,0.1,60.5,0.1637
10,0.1,61.0,0.1645
10,0.1,61.4,0.1654
10,0.1,61.9,0.1665
10,0.1,62.4,0.1674
10,0.1,63.0,0.1684
10,0.1,63.4,0.1695
10,0.1,64.0,0.1703
10,0.1,64.4,0.1714
10,0.1,64.9,0.1723
10,0.1,65.5,0.1734
10,0.1,65.9,0.1738
10,0.1,66.5,0.1749
10,0.1,66.9,0.1758
10,0.1,67.4,0.1767
10,0.1,67.9,0.1774
10,0.1,68.4,0.1781
10,0.1,68.9,0.179
10,0.1,69.4,0.1797
10,0.1,69.9,0.1802
10,0.1,70.4,0.1809
10,0.1,70.9,0.1816
10,0.1,71.4,0.1822
10,0.1,71.9,0.1826
10,0.1,72.4,0.1833
10,0.1,72.9,0.1838
10,0.1,73.4,0.1844
10,0.1,73.8,0.1847
10,0.1,74.4,0.1852
10,0.1,74.9,0.1857
10,0.1,75.4,0.1862
10,0.1,75.9,0.1866
10,0.1,76.4,0.1869
10,0.1,76.9,0.1873
10,0.1,77.4,0.1877
10,0.1,77.8,0.1881
10,0.1,78.3,0.1883
10,0.1,78.7,0.1887
10,0.1,79.3,0.189
10,0.1,79.8,0.1893
10,0.1,80.3,0.1897
10,0.1,80.8,0.1901
10,0.1,81.3,0.1903
10,0.1,81.8,0.1906
10,0.1,82.4,0.1908
10,0.1,82.7,0.1913
10,0.1,83.1,0.1915
10,0.1,83.8,0.1918
10,0.1,84.2,0.1921
10,0.1,84.7,0.1925
10,0.1,85.2,0.1926
10,0.1,85.7,0.193
10,0.1,86.3,0.1934
10,0.1,86.7,0.1934
10,0.1,87.2,0.1937
10,0.1,87.7,0.1941
10,0.1,88.3,0.1943
10,0.1,88.6,0.1945
10,0.1,89.5,0.1948
11,0.5,10.1,0.2322
11,0.5,10.4,0.2338
11,0.5,11.0,0.2329
11,0.5,11.4,0.2301
11,0.5,11.9,0.2248
11,0.5,12.4,0.2185
11,0.5,12.9,0.2144
11,0.5,13.4,0.2119
11,0.5,13.9,0.2107
11,0.5,14.4,0.21
11,0.5,14.9,0.2098
11,0.5,15.4,0.2098
11,0.5,16.0,0.2099
11,0.5,16.5,0.2101
11,0.5,17.0,0.2103
11,0.5,17.5,0.2103
11,0.5,18.0,0.2104
11,0.5,18.5,0.2105
11,0.5,19.0,0.2105
11,0.5,19.5,0.2108
11,0.5,20.0,0.2109
11,0.5,20.5,0.2111
11,0.5,21.0,0.2112
11,0.5,21.5,0.2115
11,0.5,22.0,0.2117
11,0.5,22.5,0.2115
11,0.5,23.0,0.2119
11,0.5,23.5,0.212
11,0.5,24.1,0.212
11,0.5,24.5,0.2121
11,0.5,25.0,0.2123
11,0.5,25.5,0.2124
11,0.5,26.0,0.2125
11,0.5,26.4,0.2126
11,0.5,26.8,0.2126
11,0.5,27.3,0.2128
11,0.5,27.9,0.213
11,0.5,28.3,0.2131
11,0.5,28.8,0.2133
11,0.5,29.3,0.2135
11,0.5,29.8,0.2136
11,0.5,30.3,0.2136
11,0.5,30.8,0.2136
11,0.5,31.3,0.2138
11,0.5,31.7,0.2139
11,0.5,32.3,0.2139
11,0.5,32.8,0.2142
11,0.5,33.3,0.2142
11,0.5,33.8,0.2142
11,0.5,34.2,0.2144
11,0.5,34.7,0.2146
11,0.5,35.3,0.2146
11,0.5,35.8,0.2147
11,0.5,36.2,0.2147
11,0.5,36.7,0.2147
11,0.5,37.2,0.2147
11,0.5,37.6,0.2149
11,0.5,38.1,0.2159
11,0.5,38.7,0.2152
11,0.5,39.1,0.2153
11,0.5,39.6,0.2155
11,0.5,40.1,0.2156
11,0.5,40.6,0.2158
11,0.5,41.1,0.216
11,0.5,41.6,0.2162
11,0.5,42.1,0.2164
11,0.5,42.6,0.2166
11,0.5,43.1,0.2168
11,0.5,43.6,0.2175
11,0.5,44.0,0.2174
11,0.5,44.6,0.2177
11,0.5,45.1,0.2177
11,0.5,45.5,0.218
11,0.5,46.1,0.2184
11,0.5,46.5,0.2187
11,0.5,47.1,0.2189
11,0.5,47.5,0.2193
11,0.5,48.1,0.2196
11,0.5,48.5,0.22
11,0.5,49.0,0.2205
11,0.5,49.6,0.2207
11,0.5,50.0,0.2213
11,0.5,50.5,0.2217
11,0.5,51.0,0.2224
11,0.5,51.6,0.2226
11,0.5,52.0,0.223
11,0.5,52.5,0.2236
11,0.5,53.0,0.2242
11,0.5,53.5,0.2248
11,0.5,54.1,0.2251
11,0.5,54.5,0.2269
11,0.5,55.0,0.2267
11,0.5,55.5,0.2274
11,0.5,56.0,0.2282
11,0.5,56.5,0.2289
11,0.5,57.0,0.2297
11,0.5,57.5,0.2306
11,0.5,57.9,0.2314
11,0.5,58.5,0.2323
11,0.5,58.9,0.2334
11,0.5,59.4,0.2343
11,0.5,60.0,0.2354
11,0.5,60.5,0.2364
11,0.5,61.0,0.2374
11,0.5,61.4,0.2385
11,0.5,61.9,0.2397
11,0.5,62.4,0.2407
11,0.5,63.0,0.242
11,0.5,63.4,0.2433
11,0.5,64.0,0.2442
11,0.5,64.4,0.2454
11,0.5,64.9,0.2464
11,0.5,65.5,0.2475
11,0.5,65.9,0.2488
11,0.5,66.5,0.2496
11,0.5,66.9,0.2508
11,0.5,67.4,0.2519
11,0.5,67.9,0.2529
11,0.5,68.4,0.2539
11,0.5,68.9,0.2549
11,0.5,69.4,0.2558
11,0.5,69.9,0.2568
11,0.5,70.4,0.2575
11,0.5,70.9,0.2585
11,0.5,71.4,0.2594
11,0.5,71.9,0.26
11,0.5,72.4,0.2607
11,0.5,72.9,0.2614
11,0.5,73.4,0.2622
11,0.5,73.8,0.2629
11,0.5,74.4,0.2634
11,0.5,74.9,0.264
11,0.5,75.4,0.2645
11,0.5,75.9,0.2653
11,0.5,76.4,0.2656
11,0.5,76.9,0.2658
11,0.5,77.4,0.2664
11,0.5,77.8,0.2669
11,0.5,78.3,0.2673
11,0.5,78.7,0.2676
11,0.5,79.3,0.268
11,0.5,79.8,0.2684
11,0.5,80.3,0.2688
11,0.5,80.8,0.2692
11,0.5,81.3,0.2693
11,0.5,81.8,0.2696
11,0.5,82.4,0.2697
11,0.5,82.7,0.2699
11,0.5,83.1,0.2702
11,0.5,83.8,0.2705
11,0.5,84.2,0.2709
11,0.5,84.7,0.2711
11,0.5,85.2,0.2714
11,0.5,85.7,0.2715
11,0.5,86.3,0.2719
11,0.5,86.7,0.2719
11,0.5,87.2,0.2721
11,0.5,87.7,0.2723
11,0.5,88.3,0.2723
11,0.5,88.6,0.2725
11,0.5,89.5,0.2725
12,1.0,10.1,0.4546
12,1.0,10.4,0.4586
12,1.0,11.0,0.4575
12,1.0,11.4,0.4534
12,1.0,11.9,0.4374
12,1.0,12.4,0.3972
12,1.0,12.9,0.3255
12,1.0,13.4,0.2299
12,1.0,13.9,0.209
12,1.0,14.4,0.2091
12,1.0,14.9,0.2089
12,1.0,15.4,0.2089
12,1.0,16.0,0.2091
12,1.0,16.5,0.209
12,1.0,17.0,0.2093
12,1.0,17.5,0.2094
12,1.0,18.0,0.2096
12,1.0,18.5,0.2096
12,1.0,19.0,0.2099
12,1.0,19.5,0.2099
12,1.0,20.0,0.2101
12,1.0,20.5,0.2104
12,1.0,21.0,0.2106
12,1.0,21.5,0.2107
12,1.0,22.0,0.2106
12,1.0,22.5,0.2106
12,1.0,23.0,0.2108
12,1.0,23.5,0.2109
12,1.0,24.1,0.2109
12,1.0,24.5,0.211
12,1.0,25.0,0.2111
12,1.0,25.5,0.2115
12,1.0,26.0,0.2118
12,1.0,26.4,0.2115
12,1.0,26.8,0.2117
12,1.0,27.3,0.2117
12,1.0,27.9,0.2122
12,1.0,28.3,0.212
12,1.0,28.8,0.2124
12,1.0,29.3,0.2121
12,1.0,29.8,0.2126
12,1.0,30.3,0.2123
12,1.0,30.8,0.2124
12,1.0,31.3,0.2126
12,1.0,31.7,0.2128
12,1.0,32.3,0.2129
12,1.0,32.8,0.2129
12,1.0,33.3,0.213
12,1.0,33.8,0.2131
12,1.0,34.2,0.213
12,1.0,34.7,0.2133
12,1.0,35.3,0.2131
12,1.0,35.8,0.2132
12,1.0,36.2,0.2136
12,1.0,36.7,0.2136
12,1.0,37.2,0.2136
12,1.0,37.6,0.2138
12,1.0,38.1,0.214
12,1.0,38.7,0.2141
12,1.0,39.1,0.2142
12,1.0,39.6,0.2144
12,1.0,40.1,0.2147
12,1.0,40.6,0.2147
12,1.0,41.1,0.215
12,1.0,41.6,0.2151
12,1.0,42.1,0.2153
12,1.0,42.6,0.2153
12,1.0,43.1,0.2155
12,1.0,43.6,0.2157
12,1.0,44.0,0.2159
12,1.0,44.6,0.2162
12,1.0,45.1,0.2164
12,1.0,45.5,0.2166
12,1.0,46.1,0.2168
12,1.0,46.5,0.217
12,1.0,47.1,0.2174
12,1.0,47.5,0.2177
12,1.0,48.1,0.2179
12,1.0,48.5,0.2181
12,1.0,49.0,0.2186
12,1.0,49.6,0.2188
12,1.0,50.0,0.2194
12,1.0,50.5,0.2197
12,1.0,51.0,0.2203
12,1.0,51.6,0.2208
12,1.0,52.0,0.2212
12,1.0,52.5,0.2217
12,1.0,53.0,0.2222
12,1.0,53.5,0.2227
12,1.0,54.1,0.2234
12,1.0,54.5,0.224
12,1.0,55.0,0.2247
12,1.0,55.5,0.2252
12,1.0,56.0,0.2261
12,1.0,56.5,0.2266
12,1.0,57.0,0.2276
12,1.0,57.5,0.2284
12,1.0,57.9,0.229
12,1.0,58.5,0.2301
12,1.0,58.9,0.2311
12,1.0,59.4,0.232
12,1.0,60.0,0.2329
12,1.0,60.5,0.234
12,1.0,61.0,0.2349
12,1.0,61.4,0.2361
12,1.0,61.9,0.2372
12,1.0,62.4,0.2381
12,1.0,63.0,0.2394
12,1.0,63.4,0.2407
12,1.0,64.0,0.2416
12,1.0,64.4,0.2429
12,1.0,64.9,0.2438
12,1.0,65.5,0.2451
12,1.0,65.9,0.246
12,1.0,66.5,0.2472
12,1.0,66.9,0.2483
12,1.0,67.4,0.2495
12,1.0,67.9,0.2503
12,1.0,68.4,0.2513
12,1.0,68.9,0.2524
12,1.0,69.4,0.2533
12,1.0,69.9,0.2543
12,1.0,70.4,0.2549
12,1.0,70.9,0.2558
12,1.0,71.4,0.2568
12,1.0,71.9,0.2574
12,1.0,72.4,0.2583
12,1.0,72.9,0.259
12,1.0,73.4,0.2597
12,1.0,73.8,0.2601
12,1.0,74.4,0.2605
12,1.0,74.9,0.2613
12,1.0,75.4,0.2619
12,1.0,75.9,0.2625
12,1.0,76.4,0.2631
12,1.0,76.9,0.2634
12,1.0,77.4,0.264
12,1.0,77.8,0.2642
12,1.0,78.3,0.2647
12,1.0,78.7,0.2652
12,1.0,79.3,0.2655
12,1.0,79.8,0.2659
12,1.0,80.3,0.2663
12,1.0,80.8,0.2667
12,1.0,81.3,0.2671
12,1.0,81.8,0.2672
12,1.0,82.4,0.2675
12,1.0,82.7,0.2678
12,1.0,83.1,0.268
12,1.0,83.8,0.2682
12,1.0,84.2,0.2685
12,1.0,84.7,0.2688
12,1.0,85.2,0.269
12,1.0,85.7,0.2692
12,1.0,86.3,0.2696
12,1.0,86.7,0.2696
12,1.0,87.2,0.2698
12,1.0,87.7,0.2701
12,1.0,88.3,0.2701
12,1.0,88.6,0.2704
12,1.0,89.5,0.2705
